attendance,test_score,assignment_submitted,label,name,batch,prediction_result,confidence,risk_percentage,performance_score,probabilities,score_breakdown,strengths,weaknesses,suggestions,category
79.7,15.6,7.0,Average,Unknown,Unknown,Average,99.1,0.9,52.12,"{'Weak': 0.9, 'Average': 99.1, 'Strong': 0.0}","{'attendance_contribution': 31.88, 'test_score_contribution': 6.24, 'assignment_submitted_contribution': 14.0}","['Good attendance (75-89%) — keep it consistent.', 'Good assignment submission rate (7/10).']",['Low test score (<50) — significant knowledge gaps.'],['Revisit core concepts; consider seeking tutoring support.'],Average
49.5,51.2,9.6,Average,Unknown,Unknown,Average,99.9,0.1,59.48,"{'Weak': 0.1, 'Average': 99.9, 'Strong': 0.0}","{'attendance_contribution': 19.8, 'test_score_contribution': 20.48, 'assignment_submitted_contribution': 19.2}",['Excellent assignment submission (9/10) — highly disciplined.'],"['Critical attendance deficit (<60%) — high risk of falling behind.', 'Average test score (50-64) — needs improvement.']","['Attend every possible session immediately.', 'Practice past papers and revise weak topics regularly.']",Average
87.3,21.6,4.3,Average,Unknown,Unknown,Average,99.8,0.2,52.16,"{'Weak': 0.2, 'Average': 99.8, 'Strong': 0.1}","{'attendance_contribution': 34.92, 'test_score_contribution': 8.64, 'assignment_submitted_contribution': 8.6}",['Good attendance (75-89%) — keep it consistent.'],"['Low test score (<50) — significant knowledge gaps.', 'Low assignment submissions (4/10) — impacting overall score.']","['Revisit core concepts; consider seeking tutoring support.', 'Prioritise assignments; create a submission schedule with deadlines.']",Average
72.8,23.7,4.8,Average,Unknown,Unknown,Average,99.6,0.3,48.2,"{'Weak': 0.3, 'Average': 99.6, 'Strong': 0.0}","{'attendance_contribution': 29.12, 'test_score_contribution': 9.48, 'assignment_submitted_contribution': 9.6}",[],"['Below-target attendance (60-74%).', 'Low test score (<50) — significant knowledge gaps.', 'Low assignment submissions (4/10) — impacting overall score.']","['Aim for >=75% attendance to stay on track.', 'Revisit core concepts; consider seeking tutoring support.', 'Prioritise assignments; create a submission schedule with deadlines.']",Average
18.5,66.9,8.3,Average,Unknown,Unknown,Average,99.7,0.3,50.76,"{'Weak': 0.3, 'Average': 99.7, 'Strong': 0.1}","{'attendance_contribution': 7.4, 'test_score_contribution': 26.76, 'assignment_submitted_contribution': 16.6}","['Above-average test performance (65-79).', 'Good assignment submission rate (8/10).']",['Critical attendance deficit (<60%) — high risk of falling behind.'],['Attend every possible session immediately.'],Average
97.8,45.4,5.6,Strong,Unknown,Unknown,Strong,97.4,0.0,68.48,"{'Weak': 0.0, 'Average': 2.6, 'Strong': 97.4}","{'attendance_contribution': 39.12, 'test_score_contribution': 18.16, 'assignment_submitted_contribution': 11.2}",['Outstanding attendance (>=90%) — excellent commitment.'],"['Low test score (<50) — significant knowledge gaps.', 'Moderate assignment submissions (5/10) — room to improve.']","['Revisit core concepts; consider seeking tutoring support.', 'Submit all remaining assignments; aim for >=8/10.']",Strong
78.5,93.0,7.6,Average,Unknown,Unknown,Average,98.7,0.0,83.8,"{'Weak': 0.0, 'Average': 98.7, 'Strong': 1.3}","{'attendance_contribution': 31.4, 'test_score_contribution': 37.2, 'assignment_submitted_contribution': 15.2}","['Good attendance (75-89%) — keep it consistent.', 'Excellent test scores (>=80) — strong conceptual grasp.', 'Good assignment submission rate (7/10).']",[],['Performing well across all areas — maintain consistency!'],Average
80.7,38.7,5.1,Average,Unknown,Unknown,Average,99.8,0.1,57.96,"{'Weak': 0.1, 'Average': 99.8, 'Strong': 0.1}","{'attendance_contribution': 32.28, 'test_score_contribution': 15.48, 'assignment_submitted_contribution': 10.2}",['Good attendance (75-89%) — keep it consistent.'],"['Low test score (<50) — significant knowledge gaps.', 'Moderate assignment submissions (5/10) — room to improve.']","['Revisit core concepts; consider seeking tutoring support.', 'Submit all remaining assignments; aim for >=8/10.']",Average
21.5,75.4,2.9,Average,Unknown,Unknown,Average,99.7,0.2,44.56,"{'Weak': 0.2, 'Average': 99.7, 'Strong': 0.0}","{'attendance_contribution': 8.6, 'test_score_contribution': 30.16, 'assignment_submitted_contribution': 5.8}",['Above-average test performance (65-79).'],"['Critical attendance deficit (<60%) — high risk of falling behind.', 'Very few assignments submitted (2/10) — critical gap.']","['Attend every possible session immediately.', 'Submit assignments immediately; this severely affects your overall performance.']",Average
50.5,51.5,7.7,Average,Unknown,Unknown,Average,99.9,0.1,56.2,"{'Weak': 0.1, 'Average': 99.9, 'Strong': 0.0}","{'attendance_contribution': 20.2, 'test_score_contribution': 20.6, 'assignment_submitted_contribution': 15.4}",['Good assignment submission rate (7/10).'],"['Critical attendance deficit (<60%) — high risk of falling behind.', 'Average test score (50-64) — needs improvement.']","['Attend every possible session immediately.', 'Practice past papers and revise weak topics regularly.']",Average
43.4,69.4,2.2,Weak,Unknown,Unknown,Weak,94.4,94.4,49.52,"{'Weak': 94.4, 'Average': 5.5, 'Strong': 0.1}","{'attendance_contribution': 17.36, 'test_score_contribution': 27.76, 'assignment_submitted_contribution': 4.4}",['Above-average test performance (65-79).'],"['Critical attendance deficit (<60%) — high risk of falling behind.', 'Very few assignments submitted (2/10) — critical gap.']","['Attend every possible session immediately.', 'Submit assignments immediately; this severely affects your overall performance.']",Weak
93.4,64.0,2.8,Strong,Unknown,Unknown,Strong,97.1,0.0,68.56,"{'Weak': 0.0, 'Average': 2.9, 'Strong': 97.1}","{'attendance_contribution': 37.36, 'test_score_contribution': 25.6, 'assignment_submitted_contribution': 5.6}",['Outstanding attendance (>=90%) — excellent commitment.'],"['Average test score (50-64) — needs improvement.', 'Very few assignments submitted (2/10) — critical gap.']","['Practice past papers and revise weak topics regularly.', 'Submit assignments immediately; this severely affects your overall performance.']",Strong
67.9,52.6,6.6,Average,Unknown,Unknown,Average,99.6,0.2,61.4,"{'Weak': 0.2, 'Average': 99.6, 'Strong': 0.2}","{'attendance_contribution': 27.16, 'test_score_contribution': 21.04, 'assignment_submitted_contribution': 13.2}",[],"['Below-target attendance (60-74%).', 'Average test score (50-64) — needs improvement.', 'Moderate assignment submissions (6/10) — room to improve.']","['Aim for >=75% attendance to stay on track.', 'Practice past papers and revise weak topics regularly.', 'Submit all remaining assignments; aim for >=8/10.']",Average
84.0,95.5,7.7,Strong,Unknown,Unknown,Strong,98.1,0.0,87.2,"{'Weak': 0.0, 'Average': 1.9, 'Strong': 98.1}","{'attendance_contribution': 33.6, 'test_score_contribution': 38.2, 'assignment_submitted_contribution': 15.4}","['Good attendance (75-89%) — keep it consistent.', 'Excellent test scores (>=80) — strong conceptual grasp.', 'Good assignment submission rate (7/10).']",[],['Performing well across all areas — maintain consistency!'],Strong
49.9,40.8,9.0,Average,Unknown,Unknown,Average,99.9,0.1,54.28,"{'Weak': 0.1, 'Average': 99.9, 'Strong': 0.0}","{'attendance_contribution': 19.96, 'test_score_contribution': 16.32, 'assignment_submitted_contribution': 18.0}",['Excellent assignment submission (9/10) — highly disciplined.'],"['Critical attendance deficit (<60%) — high risk of falling behind.', 'Low test score (<50) — significant knowledge gaps.']","['Attend every possible session immediately.', 'Revisit core concepts; consider seeking tutoring support.']",Average
30.5,26.0,3.4,Weak,Unknown,Unknown,Weak,96.1,96.1,29.4,"{'Weak': 96.1, 'Average': 3.8, 'Strong': 0.0}","{'attendance_contribution': 12.2, 'test_score_contribution': 10.4, 'assignment_submitted_contribution': 6.8}",[],"['Critical attendance deficit (<60%) — high risk of falling behind.', 'Low test score (<50) — significant knowledge gaps.', 'Low assignment submissions (3/10) — impacting overall score.']","['Attend every possible session immediately.', 'Revisit core concepts; consider seeking tutoring support.', 'Prioritise assignments; create a submission schedule with deadlines.', 'All three core areas need urgent attention — consider speaking with an advisor.']",Weak
59.9,71.0,2.0,Average,Unknown,Unknown,Average,99.5,0.4,56.36,"{'Weak': 0.4, 'Average': 99.5, 'Strong': 0.2}","{'attendance_contribution': 23.96, 'test_score_contribution': 28.4, 'assignment_submitted_contribution': 4.0}",['Above-average test performance (65-79).'],"['Critical attendance deficit (<60%) — high risk of falling behind.', 'Very few assignments submitted (2/10) — critical gap.']","['Attend every possible session immediately.', 'Submit assignments immediately; this severely affects your overall performance.']",Average
15.7,86.1,9.6,Average,Unknown,Unknown,Average,99.9,0.1,59.92,"{'Weak': 0.1, 'Average': 99.9, 'Strong': 0.0}","{'attendance_contribution': 6.28, 'test_score_contribution': 34.44, 'assignment_submitted_contribution': 19.2}","['Excellent test scores (>=80) — strong conceptual grasp.', 'Excellent assignment submission (9/10) — highly disciplined.']",['Critical attendance deficit (<60%) — high risk of falling behind.'],['Attend every possible session immediately.'],Average
84.5,13.6,2.4,Weak,Unknown,Unknown,Weak,96.1,96.1,44.04,"{'Weak': 96.1, 'Average': 3.8, 'Strong': 0.0}","{'attendance_contribution': 33.8, 'test_score_contribution': 5.44, 'assignment_submitted_contribution': 4.8}",['Good attendance (75-89%) — keep it consistent.'],"['Low test score (<50) — significant knowledge gaps.', 'Very few assignments submitted (2/10) — critical gap.']","['Revisit core concepts; consider seeking tutoring support.', 'Submit assignments immediately; this severely affects your overall performance.']",Weak
66.8,50.5,2.8,Average,Unknown,Unknown,Average,99.8,0.2,52.52,"{'Weak': 0.2, 'Average': 99.8, 'Strong': 0.0}","{'attendance_contribution': 26.72, 'test_score_contribution': 20.2, 'assignment_submitted_contribution': 5.6}",[],"['Below-target attendance (60-74%).', 'Average test score (50-64) — needs improvement.', 'Very few assignments submitted (2/10) — critical gap.']","['Aim for >=75% attendance to stay on track.', 'Practice past papers and revise weak topics regularly.', 'Submit assignments immediately; this severely affects your overall performance.']",Average
78.2,90.3,3.6,Strong,Unknown,Unknown,Strong,95.5,0.0,74.6,"{'Weak': 0.0, 'Average': 4.5, 'Strong': 95.5}","{'attendance_contribution': 31.28, 'test_score_contribution': 36.12, 'assignment_submitted_contribution': 7.2}","['Good attendance (75-89%) — keep it consistent.', 'Excellent test scores (>=80) — strong conceptual grasp.']",['Low assignment submissions (3/10) — impacting overall score.'],['Prioritise assignments; create a submission schedule with deadlines.'],Strong
41.9,77.5,5.8,Average,Unknown,Unknown,Average,99.7,0.2,59.36,"{'Weak': 0.2, 'Average': 99.7, 'Strong': 0.2}","{'attendance_contribution': 16.76, 'test_score_contribution': 31.0, 'assignment_submitted_contribution': 11.6}",['Above-average test performance (65-79).'],"['Critical attendance deficit (<60%) — high risk of falling behind.', 'Moderate assignment submissions (5/10) — room to improve.']","['Attend every possible session immediately.', 'Submit all remaining assignments; aim for >=8/10.']",Average
97.4,99.3,9.0,Strong,Unknown,Unknown,Strong,100.0,0.0,96.68,"{'Weak': 0.0, 'Average': 0.0, 'Strong': 100.0}","{'attendance_contribution': 38.96, 'test_score_contribution': 39.72, 'assignment_submitted_contribution': 18.0}","['Outstanding attendance (>=90%) — excellent commitment.', 'Excellent test scores (>=80) — strong conceptual grasp.', 'Excellent assignment submission (9/10) — highly disciplined.']",[],['Performing well across all areas — maintain consistency!'],Strong
90.4,57.8,7.8,Strong,Unknown,Unknown,Strong,95.9,0.0,74.88,"{'Weak': 0.0, 'Average': 4.1, 'Strong': 95.9}","{'attendance_contribution': 36.16, 'test_score_contribution': 23.12, 'assignment_submitted_contribution': 15.6}","['Outstanding attendance (>=90%) — excellent commitment.', 'Good assignment submission rate (7/10).']",['Average test score (50-64) — needs improvement.'],['Practice past papers and revise weak topics regularly.'],Strong
80.1,69.4,7.4,Average,Unknown,Unknown,Average,97.7,0.0,74.6,"{'Weak': 0.0, 'Average': 97.7, 'Strong': 2.3}","{'attendance_contribution': 32.04, 'test_score_contribution': 27.76, 'assignment_submitted_contribution': 14.8}","['Good attendance (75-89%) — keep it consistent.', 'Above-average test performance (65-79).', 'Good assignment submission rate (7/10).']",[],['Performing well across all areas — maintain consistency!'],Average
27.5,37.2,2.6,Weak,Unknown,Unknown,Weak,97.0,97.0,31.08,"{'Weak': 97.0, 'Average': 3.0, 'Strong': 0.0}","{'attendance_contribution': 11.0, 'test_score_contribution': 14.88, 'assignment_submitted_contribution': 5.2}",[],"['Critical attendance deficit (<60%) — high risk of falling behind.', 'Low test score (<50) — significant knowledge gaps.', 'Very few assignments submitted (2/10) — critical gap.']","['Attend every possible session immediately.', 'Revisit core concepts; consider seeking tutoring support.', 'Submit assignments immediately; this severely affects your overall performance.', 'All three core areas need urgent attention — consider speaking with an advisor.']",Weak
52.0,95.3,4.2,Strong,Unknown,Unknown,Strong,94.8,0.1,67.32,"{'Weak': 0.1, 'Average': 5.1, 'Strong': 94.8}","{'attendance_contribution': 20.8, 'test_score_contribution': 38.12, 'assignment_submitted_contribution': 8.4}",['Excellent test scores (>=80) — strong conceptual grasp.'],"['Critical attendance deficit (<60%) — high risk of falling behind.', 'Low assignment submissions (4/10) — impacting overall score.']","['Attend every possible session immediately.', 'Prioritise assignments; create a submission schedule with deadlines.']",Strong
13.9,43.0,5.3,Average,Unknown,Unknown,Average,98.8,1.2,33.36,"{'Weak': 1.2, 'Average': 98.8, 'Strong': 0.0}","{'attendance_contribution': 5.56, 'test_score_contribution': 17.2, 'assignment_submitted_contribution': 10.6}",[],"['Critical attendance deficit (<60%) — high risk of falling behind.', 'Low test score (<50) — significant knowledge gaps.', 'Moderate assignment submissions (5/10) — room to improve.']","['Attend every possible session immediately.', 'Revisit core concepts; consider seeking tutoring support.', 'Submit all remaining assignments; aim for >=8/10.']",Average
23.9,76.5,2.3,Average,Unknown,Unknown,Average,98.7,1.2,44.76,"{'Weak': 1.2, 'Average': 98.7, 'Strong': 0.0}","{'attendance_contribution': 9.56, 'test_score_contribution': 30.6, 'assignment_submitted_contribution': 4.6}",['Above-average test performance (65-79).'],"['Critical attendance deficit (<60%) — high risk of falling behind.', 'Very few assignments submitted (2/10) — critical gap.']","['Attend every possible session immediately.', 'Submit assignments immediately; this severely affects your overall performance.']",Average
71.5,46.3,3.5,Average,Unknown,Unknown,Average,99.7,0.2,54.12,"{'Weak': 0.2, 'Average': 99.7, 'Strong': 0.1}","{'attendance_contribution': 28.6, 'test_score_contribution': 18.52, 'assignment_submitted_contribution': 7.0}",[],"['Below-target attendance (60-74%).', 'Low test score (<50) — significant knowledge gaps.', 'Low assignment submissions (3/10) — impacting overall score.']","['Aim for >=75% attendance to stay on track.', 'Revisit core concepts; consider seeking tutoring support.', 'Prioritise assignments; create a submission schedule with deadlines.']",Average
77.0,60.6,3.8,Average,Unknown,Unknown,Average,99.7,0.1,62.64,"{'Weak': 0.1, 'Average': 99.7, 'Strong': 0.2}","{'attendance_contribution': 30.8, 'test_score_contribution': 24.24, 'assignment_submitted_contribution': 7.6}",['Good attendance (75-89%) — keep it consistent.'],"['Average test score (50-64) — needs improvement.', 'Low assignment submissions (3/10) — impacting overall score.']","['Practice past papers and revise weak topics regularly.', 'Prioritise assignments; create a submission schedule with deadlines.']",Average
97.1,74.8,2.2,Strong,Unknown,Unknown,Strong,99.5,0.0,73.16,"{'Weak': 0.0, 'Average': 0.5, 'Strong': 99.5}","{'attendance_contribution': 38.84, 'test_score_contribution': 29.92, 'assignment_submitted_contribution': 4.4}","['Outstanding attendance (>=90%) — excellent commitment.', 'Above-average test performance (65-79).']",['Very few assignments submitted (2/10) — critical gap.'],['Submit assignments immediately; this severely affects your overall performance.'],Strong
39.3,55.8,6.0,Average,Unknown,Unknown,Average,99.3,0.7,50.04,"{'Weak': 0.7, 'Average': 99.3, 'Strong': 0.1}","{'attendance_contribution': 15.72, 'test_score_contribution': 22.32, 'assignment_submitted_contribution': 12.0}",[],"['Critical attendance deficit (<60%) — high risk of falling behind.', 'Average test score (50-64) — needs improvement.', 'Moderate assignment submissions (6/10) — room to improve.']","['Attend every possible session immediately.', 'Practice past papers and revise weak topics regularly.', 'Submit all remaining assignments; aim for >=8/10.']",Average
43.3,91.6,7.4,Strong,Unknown,Unknown,Strong,93.4,0.1,68.76,"{'Weak': 0.1, 'Average': 6.5, 'Strong': 93.4}","{'attendance_contribution': 17.32, 'test_score_contribution': 36.64, 'assignment_submitted_contribution': 14.8}","['Excellent test scores (>=80) — strong conceptual grasp.', 'Good assignment submission rate (7/10).']",['Critical attendance deficit (<60%) — high risk of falling behind.'],['Attend every possible session immediately.'],Strong
52.3,47.7,1.6,Weak,Unknown,Unknown,Weak,95.1,95.1,43.2,"{'Weak': 95.1, 'Average': 4.8, 'Strong': 0.0}","{'attendance_contribution': 20.92, 'test_score_contribution': 19.08, 'assignment_submitted_contribution': 3.2}",[],"['Critical attendance deficit (<60%) — high risk of falling behind.', 'Low test score (<50) — significant knowledge gaps.', 'Very few assignments submitted (1/10) — critical gap.']","['Attend every possible session immediately.', 'Revisit core concepts; consider seeking tutoring support.', 'Submit assignments immediately; this severely affects your overall performance.', 'All three core areas need urgent attention — consider speaking with an advisor.']",Weak
27.1,68.2,5.3,Average,Unknown,Unknown,Average,99.3,0.6,48.72,"{'Weak': 0.6, 'Average': 99.3, 'Strong': 0.1}","{'attendance_contribution': 10.84, 'test_score_contribution': 27.28, 'assignment_submitted_contribution': 10.6}",['Above-average test performance (65-79).'],"['Critical attendance deficit (<60%) — high risk of falling behind.', 'Moderate assignment submissions (5/10) — room to improve.']","['Attend every possible session immediately.', 'Submit all remaining assignments; aim for >=8/10.']",Average
21.7,40.8,8.0,Average,Unknown,Unknown,Average,99.8,0.2,41.0,"{'Weak': 0.2, 'Average': 99.8, 'Strong': 0.0}","{'attendance_contribution': 8.68, 'test_score_contribution': 16.32, 'assignment_submitted_contribution': 16.0}",['Good assignment submission rate (8/10).'],"['Critical attendance deficit (<60%) — high risk of falling behind.', 'Low test score (<50) — significant knowledge gaps.']","['Attend every possible session immediately.', 'Revisit core concepts; consider seeking tutoring support.']",Average
52.8,46.7,7.7,Average,Unknown,Unknown,Average,99.7,0.3,55.2,"{'Weak': 0.3, 'Average': 99.7, 'Strong': 0.0}","{'attendance_contribution': 21.12, 'test_score_contribution': 18.68, 'assignment_submitted_contribution': 15.4}",['Good assignment submission rate (7/10).'],"['Critical attendance deficit (<60%) — high risk of falling behind.', 'Low test score (<50) — significant knowledge gaps.']","['Attend every possible session immediately.', 'Revisit core concepts; consider seeking tutoring support.']",Average
30.4,49.6,8.3,Average,Unknown,Unknown,Average,99.9,0.1,48.6,"{'Weak': 0.1, 'Average': 99.9, 'Strong': 0.0}","{'attendance_contribution': 12.16, 'test_score_contribution': 19.84, 'assignment_submitted_contribution': 16.6}",['Good assignment submission rate (8/10).'],"['Critical attendance deficit (<60%) — high risk of falling behind.', 'Low test score (<50) — significant knowledge gaps.']","['Attend every possible session immediately.', 'Revisit core concepts; consider seeking tutoring support.']",Average
70.3,21.3,5.0,Average,Unknown,Unknown,Average,99.5,0.5,46.64,"{'Weak': 0.5, 'Average': 99.5, 'Strong': 0.0}","{'attendance_contribution': 28.12, 'test_score_contribution': 8.52, 'assignment_submitted_contribution': 10.0}",[],"['Below-target attendance (60-74%).', 'Low test score (<50) — significant knowledge gaps.', 'Moderate assignment submissions (5/10) — room to improve.']","['Aim for >=75% attendance to stay on track.', 'Revisit core concepts; consider seeking tutoring support.', 'Submit all remaining assignments; aim for >=8/10.']",Average
49.3,18.3,8.4,Average,Unknown,Unknown,Average,97.8,2.2,43.84,"{'Weak': 2.2, 'Average': 97.8, 'Strong': 0.0}","{'attendance_contribution': 19.72, 'test_score_contribution': 7.32, 'assignment_submitted_contribution': 16.8}",['Good assignment submission rate (8/10).'],"['Critical attendance deficit (<60%) — high risk of falling behind.', 'Low test score (<50) — significant knowledge gaps.']","['Attend every possible session immediately.', 'Revisit core concepts; consider seeking tutoring support.']",Average
84.9,70.1,3.2,Average,Unknown,Unknown,Average,97.9,0.1,68.4,"{'Weak': 0.1, 'Average': 97.9, 'Strong': 2.0}","{'attendance_contribution': 33.96, 'test_score_contribution': 28.04, 'assignment_submitted_contribution': 6.4}","['Good attendance (75-89%) — keep it consistent.', 'Above-average test performance (65-79).']",['Low assignment submissions (3/10) — impacting overall score.'],['Prioritise assignments; create a submission schedule with deadlines.'],Average
73.0,69.0,4.2,Average,Unknown,Unknown,Average,97.9,0.0,65.2,"{'Weak': 0.0, 'Average': 97.9, 'Strong': 2.0}","{'attendance_contribution': 29.2, 'test_score_contribution': 27.6, 'assignment_submitted_contribution': 8.4}",['Above-average test performance (65-79).'],"['Below-target attendance (60-74%).', 'Low assignment submissions (4/10) — impacting overall score.']","['Aim for >=75% attendance to stay on track.', 'Prioritise assignments; create a submission schedule with deadlines.']",Average
38.1,69.7,2.6,Average,Unknown,Unknown,Average,98.5,1.5,48.32,"{'Weak': 1.5, 'Average': 98.5, 'Strong': 0.1}","{'attendance_contribution': 15.24, 'test_score_contribution': 27.88, 'assignment_submitted_contribution': 5.2}",['Above-average test performance (65-79).'],"['Critical attendance deficit (<60%) — high risk of falling behind.', 'Very few assignments submitted (2/10) — critical gap.']","['Attend every possible session immediately.', 'Submit assignments immediately; this severely affects your overall performance.']",Average
84.9,11.8,5.2,Average,Unknown,Unknown,Average,99.8,0.1,49.08,"{'Weak': 0.1, 'Average': 99.8, 'Strong': 0.1}","{'attendance_contribution': 33.96, 'test_score_contribution': 4.72, 'assignment_submitted_contribution': 10.4}",['Good attendance (75-89%) — keep it consistent.'],"['Low test score (<50) — significant knowledge gaps.', 'Moderate assignment submissions (5/10) — room to improve.']","['Revisit core concepts; consider seeking tutoring support.', 'Submit all remaining assignments; aim for >=8/10.']",Average
82.4,39.4,4.5,Average,Unknown,Unknown,Average,99.9,0.1,57.72,"{'Weak': 0.1, 'Average': 99.9, 'Strong': 0.1}","{'attendance_contribution': 32.96, 'test_score_contribution': 15.76, 'assignment_submitted_contribution': 9.0}",['Good attendance (75-89%) — keep it consistent.'],"['Low test score (<50) — significant knowledge gaps.', 'Low assignment submissions (4/10) — impacting overall score.']","['Revisit core concepts; consider seeking tutoring support.', 'Prioritise assignments; create a submission schedule with deadlines.']",Average
44.9,27.8,3.2,Average,Unknown,Unknown,Average,99.9,0.1,35.48,"{'Weak': 0.1, 'Average': 99.9, 'Strong': 0.0}","{'attendance_contribution': 17.96, 'test_score_contribution': 11.12, 'assignment_submitted_contribution': 6.4}",[],"['Critical attendance deficit (<60%) — high risk of falling behind.', 'Low test score (<50) — significant knowledge gaps.', 'Low assignment submissions (3/10) — impacting overall score.']","['Attend every possible session immediately.', 'Revisit core concepts; consider seeking tutoring support.', 'Prioritise assignments; create a submission schedule with deadlines.', 'All three core areas need urgent attention — consider speaking with an advisor.']",Average
35.9,80.0,7.8,Average,Unknown,Unknown,Average,99.7,0.0,61.96,"{'Weak': 0.0, 'Average': 99.7, 'Strong': 0.3}","{'attendance_contribution': 14.36, 'test_score_contribution': 32.0, 'assignment_submitted_contribution': 15.6}","['Excellent test scores (>=80) — strong conceptual grasp.', 'Good assignment submission rate (7/10).']",['Critical attendance deficit (<60%) — high risk of falling behind.'],['Attend every possible session immediately.'],Average
71.4,87.5,3.8,Strong,Unknown,Unknown,Strong,95.8,0.0,71.16,"{'Weak': 0.0, 'Average': 4.2, 'Strong': 95.8}","{'attendance_contribution': 28.56, 'test_score_contribution': 35.0, 'assignment_submitted_contribution': 7.6}",['Excellent test scores (>=80) — strong conceptual grasp.'],"['Below-target attendance (60-74%).', 'Low assignment submissions (3/10) — impacting overall score.']","['Aim for >=75% attendance to stay on track.', 'Prioritise assignments; create a submission schedule with deadlines.']",Strong
22.6,32.2,3.5,Weak,Unknown,Unknown,Weak,95.3,95.3,28.92,"{'Weak': 95.3, 'Average': 4.7, 'Strong': 0.0}","{'attendance_contribution': 9.04, 'test_score_contribution': 12.88, 'assignment_submitted_contribution': 7.0}",[],"['Critical attendance deficit (<60%) — high risk of falling behind.', 'Low test score (<50) — significant knowledge gaps.', 'Low assignment submissions (3/10) — impacting overall score.']","['Attend every possible session immediately.', 'Revisit core concepts; consider seeking tutoring support.', 'Prioritise assignments; create a submission schedule with deadlines.', 'All three core areas need urgent attention — consider speaking with an advisor.']",Weak
28.0,70.1,2.2,Average,Unknown,Unknown,Average,96.8,3.2,43.64,"{'Weak': 3.2, 'Average': 96.8, 'Strong': 0.0}","{'attendance_contribution': 11.2, 'test_score_contribution': 28.04, 'assignment_submitted_contribution': 4.4}",['Above-average test performance (65-79).'],"['Critical attendance deficit (<60%) — high risk of falling behind.', 'Very few assignments submitted (2/10) — critical gap.']","['Attend every possible session immediately.', 'Submit assignments immediately; this severely affects your overall performance.']",Average
10.7,21.6,5.0,Weak,Unknown,Unknown,Weak,99.2,99.2,22.92,"{'Weak': 99.2, 'Average': 0.8, 'Strong': 0.0}","{'attendance_contribution': 4.28, 'test_score_contribution': 8.64, 'assignment_submitted_contribution': 10.0}",[],"['Critical attendance deficit (<60%) — high risk of falling behind.', 'Low test score (<50) — significant knowledge gaps.', 'Moderate assignment submissions (5/10) — room to improve.']","['Attend every possible session immediately.', 'Revisit core concepts; consider seeking tutoring support.', 'Submit all remaining assignments; aim for >=8/10.']",Weak
80.8,34.8,3.7,Average,Unknown,Unknown,Average,99.3,0.6,53.64,"{'Weak': 0.6, 'Average': 99.3, 'Strong': 0.1}","{'attendance_contribution': 32.32, 'test_score_contribution': 13.92, 'assignment_submitted_contribution': 7.4}",['Good attendance (75-89%) — keep it consistent.'],"['Low test score (<50) — significant knowledge gaps.', 'Low assignment submissions (3/10) — impacting overall score.']","['Revisit core concepts; consider seeking tutoring support.', 'Prioritise assignments; create a submission schedule with deadlines.']",Average
69.8,22.5,4.3,Average,Unknown,Unknown,Average,99.8,0.2,45.52,"{'Weak': 0.2, 'Average': 99.8, 'Strong': 0.0}","{'attendance_contribution': 27.92, 'test_score_contribution': 9.0, 'assignment_submitted_contribution': 8.6}",[],"['Below-target attendance (60-74%).', 'Low test score (<50) — significant knowledge gaps.', 'Low assignment submissions (4/10) — impacting overall score.']","['Aim for >=75% attendance to stay on track.', 'Revisit core concepts; consider seeking tutoring support.', 'Prioritise assignments; create a submission schedule with deadlines.']",Average
73.5,35.5,3.1,Weak,Unknown,Unknown,Weak,89.9,89.9,49.8,"{'Weak': 89.9, 'Average': 10.1, 'Strong': 0.0}","{'attendance_contribution': 29.4, 'test_score_contribution': 14.2, 'assignment_submitted_contribution': 6.2}",[],"['Below-target attendance (60-74%).', 'Low test score (<50) — significant knowledge gaps.', 'Low assignment submissions (3/10) — impacting overall score.']","['Aim for >=75% attendance to stay on track.', 'Revisit core concepts; consider seeking tutoring support.', 'Prioritise assignments; create a submission schedule with deadlines.']",Weak
80.3,70.7,7.9,Average,Unknown,Unknown,Average,98.7,0.0,76.2,"{'Weak': 0.0, 'Average': 98.7, 'Strong': 1.3}","{'attendance_contribution': 32.12, 'test_score_contribution': 28.28, 'assignment_submitted_contribution': 15.8}","['Good attendance (75-89%) — keep it consistent.', 'Above-average test performance (65-79).', 'Good assignment submission rate (7/10).']",[],['Performing well across all areas — maintain consistency!'],Average
51.3,91.9,9.4,Average,Unknown,Unknown,Average,99.4,0.0,76.08,"{'Weak': 0.0, 'Average': 99.4, 'Strong': 0.6}","{'attendance_contribution': 20.52, 'test_score_contribution': 36.76, 'assignment_submitted_contribution': 18.8}","['Excellent test scores (>=80) — strong conceptual grasp.', 'Excellent assignment submission (9/10) — highly disciplined.']",['Critical attendance deficit (<60%) — high risk of falling behind.'],['Attend every possible session immediately.'],Average
61.2,28.2,5.5,Average,Unknown,Unknown,Average,99.8,0.2,46.76,"{'Weak': 0.2, 'Average': 99.8, 'Strong': 0.1}","{'attendance_contribution': 24.48, 'test_score_contribution': 11.28, 'assignment_submitted_contribution': 11.0}",[],"['Below-target attendance (60-74%).', 'Low test score (<50) — significant knowledge gaps.', 'Moderate assignment submissions (5/10) — room to improve.']","['Aim for >=75% attendance to stay on track.', 'Revisit core concepts; consider seeking tutoring support.', 'Submit all remaining assignments; aim for >=8/10.']",Average
22.6,58.8,6.8,Average,Unknown,Unknown,Average,95.9,4.0,46.16,"{'Weak': 4.0, 'Average': 95.9, 'Strong': 0.1}","{'attendance_contribution': 9.04, 'test_score_contribution': 23.52, 'assignment_submitted_contribution': 13.6}",[],"['Critical attendance deficit (<60%) — high risk of falling behind.', 'Average test score (50-64) — needs improvement.', 'Moderate assignment submissions (6/10) — room to improve.']","['Attend every possible session immediately.', 'Practice past papers and revise weak topics regularly.', 'Submit all remaining assignments; aim for >=8/10.']",Average
20.3,73.1,8.8,Average,Unknown,Unknown,Average,99.5,0.3,54.96,"{'Weak': 0.3, 'Average': 99.5, 'Strong': 0.2}","{'attendance_contribution': 8.12, 'test_score_contribution': 29.24, 'assignment_submitted_contribution': 17.6}","['Above-average test performance (65-79).', 'Good assignment submission rate (8/10).']",['Critical attendance deficit (<60%) — high risk of falling behind.'],['Attend every possible session immediately.'],Average
70.2,95.8,10.0,Average,Unknown,Unknown,Average,99.3,0.0,86.4,"{'Weak': 0.0, 'Average': 99.3, 'Strong': 0.7}","{'attendance_contribution': 28.08, 'test_score_contribution': 38.32, 'assignment_submitted_contribution': 20.0}","['Excellent test scores (>=80) — strong conceptual grasp.', 'Excellent assignment submission (10/10) — highly disciplined.']",['Below-target attendance (60-74%).'],['Aim for >=75% attendance to stay on track.'],Average
52.4,64.9,6.5,Average,Unknown,Unknown,Average,99.1,0.5,59.92,"{'Weak': 0.5, 'Average': 99.1, 'Strong': 0.4}","{'attendance_contribution': 20.96, 'test_score_contribution': 25.96, 'assignment_submitted_contribution': 13.0}",[],"['Critical attendance deficit (<60%) — high risk of falling behind.', 'Average test score (50-64) — needs improvement.', 'Moderate assignment submissions (6/10) — room to improve.']","['Attend every possible session immediately.', 'Practice past papers and revise weak topics regularly.', 'Submit all remaining assignments; aim for >=8/10.']",Average
60.9,33.0,9.0,Average,Unknown,Unknown,Average,99.3,0.3,55.56,"{'Weak': 0.3, 'Average': 99.3, 'Strong': 0.4}","{'attendance_contribution': 24.36, 'test_score_contribution': 13.2, 'assignment_submitted_contribution': 18.0}",['Excellent assignment submission (9/10) — highly disciplined.'],"['Below-target attendance (60-74%).', 'Low test score (<50) — significant knowledge gaps.']","['Aim for >=75% attendance to stay on track.', 'Revisit core concepts; consider seeking tutoring support.']",Average
78.8,66.3,9.2,Strong,Unknown,Unknown,Strong,96.6,0.0,76.44,"{'Weak': 0.0, 'Average': 3.4, 'Strong': 96.6}","{'attendance_contribution': 31.52, 'test_score_contribution': 26.52, 'assignment_submitted_contribution': 18.4}","['Good attendance (75-89%) — keep it consistent.', 'Above-average test performance (65-79).', 'Excellent assignment submission (9/10) — highly disciplined.']",[],['Performing well across all areas — maintain consistency!'],Strong
67.1,38.8,8.1,Average,Unknown,Unknown,Average,99.9,0.1,58.56,"{'Weak': 0.1, 'Average': 99.9, 'Strong': 0.1}","{'attendance_contribution': 26.84, 'test_score_contribution': 15.52, 'assignment_submitted_contribution': 16.2}",['Good assignment submission rate (8/10).'],"['Below-target attendance (60-74%).', 'Low test score (<50) — significant knowledge gaps.']","['Aim for >=75% attendance to stay on track.', 'Revisit core concepts; consider seeking tutoring support.']",Average
59.8,97.9,5.2,Strong,Unknown,Unknown,Strong,98.4,0.0,73.48,"{'Weak': 0.0, 'Average': 1.5, 'Strong': 98.4}","{'attendance_contribution': 23.92, 'test_score_contribution': 39.16, 'assignment_submitted_contribution': 10.4}",['Excellent test scores (>=80) — strong conceptual grasp.'],"['Critical attendance deficit (<60%) — high risk of falling behind.', 'Moderate assignment submissions (5/10) — room to improve.']","['Attend every possible session immediately.', 'Submit all remaining assignments; aim for >=8/10.']",Strong
60.3,46.0,1.7,Average,Unknown,Unknown,Average,99.7,0.2,45.92,"{'Weak': 0.2, 'Average': 99.7, 'Strong': 0.0}","{'attendance_contribution': 24.12, 'test_score_contribution': 18.4, 'assignment_submitted_contribution': 3.4}",[],"['Below-target attendance (60-74%).', 'Low test score (<50) — significant knowledge gaps.', 'Very few assignments submitted (1/10) — critical gap.']","['Aim for >=75% attendance to stay on track.', 'Revisit core concepts; consider seeking tutoring support.', 'Submit assignments immediately; this severely affects your overall performance.']",Average
37.4,71.7,1.1,Weak,Unknown,Unknown,Weak,96.4,96.4,45.84,"{'Weak': 96.4, 'Average': 3.6, 'Strong': 0.0}","{'attendance_contribution': 14.96, 'test_score_contribution': 28.68, 'assignment_submitted_contribution': 2.2}",['Above-average test performance (65-79).'],"['Critical attendance deficit (<60%) — high risk of falling behind.', 'Very few assignments submitted (1/10) — critical gap.']","['Attend every possible session immediately.', 'Submit assignments immediately; this severely affects your overall performance.']",Weak
12.8,12.1,5.3,Weak,Unknown,Unknown,Weak,100.0,100.0,20.56,"{'Weak': 100.0, 'Average': 0.0, 'Strong': 0.0}","{'attendance_contribution': 5.12, 'test_score_contribution': 4.84, 'assignment_submitted_contribution': 10.6}",[],"['Critical attendance deficit (<60%) — high risk of falling behind.', 'Low test score (<50) — significant knowledge gaps.', 'Moderate assignment submissions (5/10) — room to improve.']","['Attend every possible session immediately.', 'Revisit core concepts; consider seeking tutoring support.', 'Submit all remaining assignments; aim for >=8/10.']",Weak
49.3,46.0,5.4,Average,Unknown,Unknown,Average,99.9,0.1,48.92,"{'Weak': 0.1, 'Average': 99.9, 'Strong': 0.0}","{'attendance_contribution': 19.72, 'test_score_contribution': 18.4, 'assignment_submitted_contribution': 10.8}",[],"['Critical attendance deficit (<60%) — high risk of falling behind.', 'Low test score (<50) — significant knowledge gaps.', 'Moderate assignment submissions (5/10) — room to improve.']","['Attend every possible session immediately.', 'Revisit core concepts; consider seeking tutoring support.', 'Submit all remaining assignments; aim for >=8/10.']",Average
29.3,88.8,4.7,Average,Unknown,Unknown,Average,99.5,0.2,56.64,"{'Weak': 0.2, 'Average': 99.5, 'Strong': 0.3}","{'attendance_contribution': 11.72, 'test_score_contribution': 35.52, 'assignment_submitted_contribution': 9.4}",['Excellent test scores (>=80) — strong conceptual grasp.'],"['Critical attendance deficit (<60%) — high risk of falling behind.', 'Low assignment submissions (4/10) — impacting overall score.']","['Attend every possible session immediately.', 'Prioritise assignments; create a submission schedule with deadlines.']",Average
46.8,64.9,6.1,Average,Unknown,Unknown,Average,99.8,0.1,56.88,"{'Weak': 0.1, 'Average': 99.8, 'Strong': 0.1}","{'attendance_contribution': 18.72, 'test_score_contribution': 25.96, 'assignment_submitted_contribution': 12.2}",[],"['Critical attendance deficit (<60%) — high risk of falling behind.', 'Average test score (50-64) — needs improvement.', 'Moderate assignment submissions (6/10) — room to improve.']","['Attend every possible session immediately.', 'Practice past papers and revise weak topics regularly.', 'Submit all remaining assignments; aim for >=8/10.']",Average
86.8,50.0,6.0,Average,Unknown,Unknown,Average,99.2,0.1,66.72,"{'Weak': 0.1, 'Average': 99.2, 'Strong': 0.8}","{'attendance_contribution': 34.72, 'test_score_contribution': 20.0, 'assignment_submitted_contribution': 12.0}",['Good attendance (75-89%) — keep it consistent.'],"['Average test score (50-64) — needs improvement.', 'Moderate assignment submissions (6/10) — room to improve.']","['Practice past papers and revise weak topics regularly.', 'Submit all remaining assignments; aim for >=8/10.']",Average
31.1,94.2,8.5,Strong,Unknown,Unknown,Strong,94.7,0.0,67.12,"{'Weak': 0.0, 'Average': 5.3, 'Strong': 94.7}","{'attendance_contribution': 12.44, 'test_score_contribution': 37.68, 'assignment_submitted_contribution': 17.0}","['Excellent test scores (>=80) — strong conceptual grasp.', 'Good assignment submission rate (8/10).']",['Critical attendance deficit (<60%) — high risk of falling behind.'],['Attend every possible session immediately.'],Strong
15.2,86.9,2.0,Average,Unknown,Unknown,Average,99.9,0.1,44.84,"{'Weak': 0.1, 'Average': 99.9, 'Strong': 0.0}","{'attendance_contribution': 6.08, 'test_score_contribution': 34.76, 'assignment_submitted_contribution': 4.0}",['Excellent test scores (>=80) — strong conceptual grasp.'],"['Critical attendance deficit (<60%) — high risk of falling behind.', 'Very few assignments submitted (2/10) — critical gap.']","['Attend every possible session immediately.', 'Submit assignments immediately; this severely affects your overall performance.']",Average
35.3,39.0,3.0,Average,Unknown,Unknown,Average,94.8,5.2,35.72,"{'Weak': 5.2, 'Average': 94.8, 'Strong': 0.0}","{'attendance_contribution': 14.12, 'test_score_contribution': 15.6, 'assignment_submitted_contribution': 6.0}",[],"['Critical attendance deficit (<60%) — high risk of falling behind.', 'Low test score (<50) — significant knowledge gaps.', 'Low assignment submissions (3/10) — impacting overall score.']","['Attend every possible session immediately.', 'Revisit core concepts; consider seeking tutoring support.', 'Prioritise assignments; create a submission schedule with deadlines.', 'All three core areas need urgent attention — consider speaking with an advisor.']",Average
36.4,59.0,8.1,Average,Unknown,Unknown,Average,99.4,0.2,54.36,"{'Weak': 0.2, 'Average': 99.4, 'Strong': 0.4}","{'attendance_contribution': 14.56, 'test_score_contribution': 23.6, 'assignment_submitted_contribution': 16.2}",['Good assignment submission rate (8/10).'],"['Critical attendance deficit (<60%) — high risk of falling behind.', 'Average test score (50-64) — needs improvement.']","['Attend every possible session immediately.', 'Practice past papers and revise weak topics regularly.']",Average
69.6,54.1,8.6,Average,Unknown,Unknown,Average,99.7,0.0,66.68,"{'Weak': 0.0, 'Average': 99.7, 'Strong': 0.2}","{'attendance_contribution': 27.84, 'test_score_contribution': 21.64, 'assignment_submitted_contribution': 17.2}",['Good assignment submission rate (8/10).'],"['Below-target attendance (60-74%).', 'Average test score (50-64) — needs improvement.']","['Aim for >=75% attendance to stay on track.', 'Practice past papers and revise weak topics regularly.']",Average
60.1,66.9,10.0,Strong,Unknown,Unknown,Strong,96.2,0.0,70.8,"{'Weak': 0.0, 'Average': 3.8, 'Strong': 96.2}","{'attendance_contribution': 24.04, 'test_score_contribution': 26.76, 'assignment_submitted_contribution': 20.0}","['Above-average test performance (65-79).', 'Excellent assignment submission (10/10) — highly disciplined.']",['Below-target attendance (60-74%).'],['Aim for >=75% attendance to stay on track.'],Strong
80.6,40.1,8.9,Average,Unknown,Unknown,Average,99.6,0.1,66.08,"{'Weak': 0.1, 'Average': 99.6, 'Strong': 0.3}","{'attendance_contribution': 32.24, 'test_score_contribution': 16.04, 'assignment_submitted_contribution': 17.8}","['Good attendance (75-89%) — keep it consistent.', 'Good assignment submission rate (8/10).']",['Low test score (<50) — significant knowledge gaps.'],['Revisit core concepts; consider seeking tutoring support.'],Average
69.8,32.0,9.0,Average,Unknown,Unknown,Average,99.5,0.1,58.72,"{'Weak': 0.1, 'Average': 99.5, 'Strong': 0.4}","{'attendance_contribution': 27.92, 'test_score_contribution': 12.8, 'assignment_submitted_contribution': 18.0}",['Excellent assignment submission (9/10) — highly disciplined.'],"['Below-target attendance (60-74%).', 'Low test score (<50) — significant knowledge gaps.']","['Aim for >=75% attendance to stay on track.', 'Revisit core concepts; consider seeking tutoring support.']",Average
46.6,92.1,3.8,Average,Unknown,Unknown,Average,99.3,0.1,63.08,"{'Weak': 0.1, 'Average': 99.3, 'Strong': 0.6}","{'attendance_contribution': 18.64, 'test_score_contribution': 36.84, 'assignment_submitted_contribution': 7.6}",['Excellent test scores (>=80) — strong conceptual grasp.'],"['Critical attendance deficit (<60%) — high risk of falling behind.', 'Low assignment submissions (3/10) — impacting overall score.']","['Attend every possible session immediately.', 'Prioritise assignments; create a submission schedule with deadlines.']",Average
83.3,93.1,4.6,Average,Unknown,Unknown,Average,97.0,0.0,79.76,"{'Weak': 0.0, 'Average': 97.0, 'Strong': 3.0}","{'attendance_contribution': 33.32, 'test_score_contribution': 37.24, 'assignment_submitted_contribution': 9.2}","['Good attendance (75-89%) — keep it consistent.', 'Excellent test scores (>=80) — strong conceptual grasp.']",['Low assignment submissions (4/10) — impacting overall score.'],['Prioritise assignments; create a submission schedule with deadlines.'],Average
25.0,85.9,3.4,Average,Unknown,Unknown,Average,99.4,0.6,51.16,"{'Weak': 0.6, 'Average': 99.4, 'Strong': 0.1}","{'attendance_contribution': 10.0, 'test_score_contribution': 34.36, 'assignment_submitted_contribution': 6.8}",['Excellent test scores (>=80) — strong conceptual grasp.'],"['Critical attendance deficit (<60%) — high risk of falling behind.', 'Low assignment submissions (3/10) — impacting overall score.']","['Attend every possible session immediately.', 'Prioritise assignments; create a submission schedule with deadlines.']",Average
12.0,98.0,6.5,Average,Unknown,Unknown,Average,99.4,0.2,57.0,"{'Weak': 0.2, 'Average': 99.4, 'Strong': 0.4}","{'attendance_contribution': 4.8, 'test_score_contribution': 39.2, 'assignment_submitted_contribution': 13.0}",['Excellent test scores (>=80) — strong conceptual grasp.'],"['Critical attendance deficit (<60%) — high risk of falling behind.', 'Moderate assignment submissions (6/10) — room to improve.']","['Attend every possible session immediately.', 'Submit all remaining assignments; aim for >=8/10.']",Average
18.1,77.0,9.4,Average,Unknown,Unknown,Average,99.8,0.1,56.84,"{'Weak': 0.1, 'Average': 99.8, 'Strong': 0.1}","{'attendance_contribution': 7.24, 'test_score_contribution': 30.8, 'assignment_submitted_contribution': 18.8}","['Above-average test performance (65-79).', 'Excellent assignment submission (9/10) — highly disciplined.']",['Critical attendance deficit (<60%) — high risk of falling behind.'],['Attend every possible session immediately.'],Average
75.0,78.8,4.1,Average,Unknown,Unknown,Average,97.7,0.0,69.72,"{'Weak': 0.0, 'Average': 97.7, 'Strong': 2.3}","{'attendance_contribution': 30.0, 'test_score_contribution': 31.52, 'assignment_submitted_contribution': 8.2}","['Good attendance (75-89%) — keep it consistent.', 'Above-average test performance (65-79).']",['Low assignment submissions (4/10) — impacting overall score.'],['Prioritise assignments; create a submission schedule with deadlines.'],Average
51.6,78.6,6.0,Average,Unknown,Unknown,Average,99.8,0.0,64.08,"{'Weak': 0.0, 'Average': 99.8, 'Strong': 0.1}","{'attendance_contribution': 20.64, 'test_score_contribution': 31.44, 'assignment_submitted_contribution': 12.0}",['Above-average test performance (65-79).'],"['Critical attendance deficit (<60%) — high risk of falling behind.', 'Moderate assignment submissions (6/10) — room to improve.']","['Attend every possible session immediately.', 'Submit all remaining assignments; aim for >=8/10.']",Average
24.5,53.3,3.7,Weak,Unknown,Unknown,Weak,95.2,95.2,38.52,"{'Weak': 95.2, 'Average': 4.8, 'Strong': 0.0}","{'attendance_contribution': 9.8, 'test_score_contribution': 21.32, 'assignment_submitted_contribution': 7.4}",[],"['Critical attendance deficit (<60%) — high risk of falling behind.', 'Average test score (50-64) — needs improvement.', 'Low assignment submissions (3/10) — impacting overall score.']","['Attend every possible session immediately.', 'Practice past papers and revise weak topics regularly.', 'Prioritise assignments; create a submission schedule with deadlines.']",Weak
55.1,51.1,2.5,Weak,Unknown,Unknown,Weak,94.6,94.6,47.48,"{'Weak': 94.6, 'Average': 5.4, 'Strong': 0.0}","{'attendance_contribution': 22.04, 'test_score_contribution': 20.44, 'assignment_submitted_contribution': 5.0}",[],"['Critical attendance deficit (<60%) — high risk of falling behind.', 'Average test score (50-64) — needs improvement.', 'Very few assignments submitted (2/10) — critical gap.']","['Attend every possible session immediately.', 'Practice past papers and revise weak topics regularly.', 'Submit assignments immediately; this severely affects your overall performance.']",Weak
23.7,31.6,2.8,Average,Unknown,Unknown,Average,97.3,2.7,27.72,"{'Weak': 2.7, 'Average': 97.3, 'Strong': 0.0}","{'attendance_contribution': 9.48, 'test_score_contribution': 12.64, 'assignment_submitted_contribution': 5.6}",[],"['Critical attendance deficit (<60%) — high risk of falling behind.', 'Low test score (<50) — significant knowledge gaps.', 'Very few assignments submitted (2/10) — critical gap.']","['Attend every possible session immediately.', 'Revisit core concepts; consider seeking tutoring support.', 'Submit assignments immediately; this severely affects your overall performance.', 'All three core areas need urgent attention — consider speaking with an advisor.']",Average
72.7,68.0,1.5,Average,Unknown,Unknown,Average,99.3,0.6,59.28,"{'Weak': 0.6, 'Average': 99.3, 'Strong': 0.1}","{'attendance_contribution': 29.08, 'test_score_contribution': 27.2, 'assignment_submitted_contribution': 3.0}",['Above-average test performance (65-79).'],"['Below-target attendance (60-74%).', 'Very few assignments submitted (1/10) — critical gap.']","['Aim for >=75% attendance to stay on track.', 'Submit assignments immediately; this severely affects your overall performance.']",Average
50.2,36.0,9.5,Average,Unknown,Unknown,Average,99.9,0.1,53.48,"{'Weak': 0.1, 'Average': 99.9, 'Strong': 0.0}","{'attendance_contribution': 20.08, 'test_score_contribution': 14.4, 'assignment_submitted_contribution': 19.0}",['Excellent assignment submission (9/10) — highly disciplined.'],"['Critical attendance deficit (<60%) — high risk of falling behind.', 'Low test score (<50) — significant knowledge gaps.']","['Attend every possible session immediately.', 'Revisit core concepts; consider seeking tutoring support.']",Average
44.3,33.2,4.6,Average,Unknown,Unknown,Average,99.8,0.2,40.2,"{'Weak': 0.2, 'Average': 99.8, 'Strong': 0.0}","{'attendance_contribution': 17.72, 'test_score_contribution': 13.28, 'assignment_submitted_contribution': 9.2}",[],"['Critical attendance deficit (<60%) — high risk of falling behind.', 'Low test score (<50) — significant knowledge gaps.', 'Low assignment submissions (4/10) — impacting overall score.']","['Attend every possible session immediately.', 'Revisit core concepts; consider seeking tutoring support.', 'Prioritise assignments; create a submission schedule with deadlines.', 'All three core areas need urgent attention — consider speaking with an advisor.']",Average
37.1,62.7,8.5,Average,Unknown,Unknown,Average,98.9,0.4,56.92,"{'Weak': 0.4, 'Average': 98.9, 'Strong': 0.6}","{'attendance_contribution': 14.84, 'test_score_contribution': 25.08, 'assignment_submitted_contribution': 17.0}",['Good assignment submission rate (8/10).'],"['Critical attendance deficit (<60%) — high risk of falling behind.', 'Average test score (50-64) — needs improvement.']","['Attend every possible session immediately.', 'Practice past papers and revise weak topics regularly.']",Average
66.7,46.9,7.1,Average,Unknown,Unknown,Average,99.8,0.1,59.64,"{'Weak': 0.1, 'Average': 99.8, 'Strong': 0.1}","{'attendance_contribution': 26.68, 'test_score_contribution': 18.76, 'assignment_submitted_contribution': 14.2}",['Good assignment submission rate (7/10).'],"['Below-target attendance (60-74%).', 'Low test score (<50) — significant knowledge gaps.']","['Aim for >=75% attendance to stay on track.', 'Revisit core concepts; consider seeking tutoring support.']",Average
42.6,29.7,2.7,Average,Unknown,Unknown,Average,97.2,2.8,34.32,"{'Weak': 2.8, 'Average': 97.2, 'Strong': 0.0}","{'attendance_contribution': 17.04, 'test_score_contribution': 11.88, 'assignment_submitted_contribution': 5.4}",[],"['Critical attendance deficit (<60%) — high risk of falling behind.', 'Low test score (<50) — significant knowledge gaps.', 'Very few assignments submitted (2/10) — critical gap.']","['Attend every possible session immediately.', 'Revisit core concepts; consider seeking tutoring support.', 'Submit assignments immediately; this severely affects your overall performance.', 'All three core areas need urgent attention — consider speaking with an advisor.']",Average
17.9,83.4,2.6,Average,Unknown,Unknown,Average,99.3,0.6,45.72,"{'Weak': 0.6, 'Average': 99.3, 'Strong': 0.1}","{'attendance_contribution': 7.16, 'test_score_contribution': 33.36, 'assignment_submitted_contribution': 5.2}",['Excellent test scores (>=80) — strong conceptual grasp.'],"['Critical attendance deficit (<60%) — high risk of falling behind.', 'Very few assignments submitted (2/10) — critical gap.']","['Attend every possible session immediately.', 'Submit assignments immediately; this severely affects your overall performance.']",Average
20.6,87.5,8.3,Average,Unknown,Unknown,Average,99.5,0.1,59.84,"{'Weak': 0.1, 'Average': 99.5, 'Strong': 0.4}","{'attendance_contribution': 8.24, 'test_score_contribution': 35.0, 'assignment_submitted_contribution': 16.6}","['Excellent test scores (>=80) — strong conceptual grasp.', 'Good assignment submission rate (8/10).']",['Critical attendance deficit (<60%) — high risk of falling behind.'],['Attend every possible session immediately.'],Average
96.6,25.1,3.4,Average,Unknown,Unknown,Average,99.8,0.2,55.48,"{'Weak': 0.2, 'Average': 99.8, 'Strong': 0.1}","{'attendance_contribution': 38.64, 'test_score_contribution': 10.04, 'assignment_submitted_contribution': 6.8}",['Outstanding attendance (>=90%) — excellent commitment.'],"['Low test score (<50) — significant knowledge gaps.', 'Low assignment submissions (3/10) — impacting overall score.']","['Revisit core concepts; consider seeking tutoring support.', 'Prioritise assignments; create a submission schedule with deadlines.']",Average
91.8,10.7,9.2,Average,Unknown,Unknown,Average,99.7,0.1,59.4,"{'Weak': 0.1, 'Average': 99.7, 'Strong': 0.2}","{'attendance_contribution': 36.72, 'test_score_contribution': 4.28, 'assignment_submitted_contribution': 18.4}","['Outstanding attendance (>=90%) — excellent commitment.', 'Excellent assignment submission (9/10) — highly disciplined.']",['Low test score (<50) — significant knowledge gaps.'],['Revisit core concepts; consider seeking tutoring support.'],Average
73.0,40.3,2.3,Average,Unknown,Unknown,Average,96.8,3.2,49.92,"{'Weak': 3.2, 'Average': 96.8, 'Strong': 0.0}","{'attendance_contribution': 29.2, 'test_score_contribution': 16.12, 'assignment_submitted_contribution': 4.6}",[],"['Below-target attendance (60-74%).', 'Low test score (<50) — significant knowledge gaps.', 'Very few assignments submitted (2/10) — critical gap.']","['Aim for >=75% attendance to stay on track.', 'Revisit core concepts; consider seeking tutoring support.', 'Submit assignments immediately; this severely affects your overall performance.']",Average
33.9,81.8,7.1,Average,Unknown,Unknown,Average,99.5,0.1,60.48,"{'Weak': 0.1, 'Average': 99.5, 'Strong': 0.4}","{'attendance_contribution': 13.56, 'test_score_contribution': 32.72, 'assignment_submitted_contribution': 14.2}","['Excellent test scores (>=80) — strong conceptual grasp.', 'Good assignment submission rate (7/10).']",['Critical attendance deficit (<60%) — high risk of falling behind.'],['Attend every possible session immediately.'],Average
97.2,85.5,8.3,Strong,Unknown,Unknown,Strong,98.8,0.0,89.68,"{'Weak': 0.0, 'Average': 1.1, 'Strong': 98.8}","{'attendance_contribution': 38.88, 'test_score_contribution': 34.2, 'assignment_submitted_contribution': 16.6}","['Outstanding attendance (>=90%) — excellent commitment.', 'Excellent test scores (>=80) — strong conceptual grasp.', 'Good assignment submission rate (8/10).']",[],['Performing well across all areas — maintain consistency!'],Strong
80.1,22.4,3.1,Average,Unknown,Unknown,Average,99.7,0.3,47.2,"{'Weak': 0.3, 'Average': 99.7, 'Strong': 0.0}","{'attendance_contribution': 32.04, 'test_score_contribution': 8.96, 'assignment_submitted_contribution': 6.2}",['Good attendance (75-89%) — keep it consistent.'],"['Low test score (<50) — significant knowledge gaps.', 'Low assignment submissions (3/10) — impacting overall score.']","['Revisit core concepts; consider seeking tutoring support.', 'Prioritise assignments; create a submission schedule with deadlines.']",Average
74.5,79.7,3.5,Strong,Unknown,Unknown,Strong,95.9,0.0,68.68,"{'Weak': 0.0, 'Average': 4.1, 'Strong': 95.9}","{'attendance_contribution': 29.8, 'test_score_contribution': 31.88, 'assignment_submitted_contribution': 7.0}",['Above-average test performance (65-79).'],"['Below-target attendance (60-74%).', 'Low assignment submissions (3/10) — impacting overall score.']","['Aim for >=75% attendance to stay on track.', 'Prioritise assignments; create a submission schedule with deadlines.']",Strong
50.4,20.4,9.7,Average,Unknown,Unknown,Average,99.5,0.5,47.72,"{'Weak': 0.5, 'Average': 99.5, 'Strong': 0.0}","{'attendance_contribution': 20.16, 'test_score_contribution': 8.16, 'assignment_submitted_contribution': 19.4}",['Excellent assignment submission (9/10) — highly disciplined.'],"['Critical attendance deficit (<60%) — high risk of falling behind.', 'Low test score (<50) — significant knowledge gaps.']","['Attend every possible session immediately.', 'Revisit core concepts; consider seeking tutoring support.']",Average
34.5,45.1,3.4,Weak,Unknown,Unknown,Weak,94.2,94.2,38.64,"{'Weak': 94.2, 'Average': 5.8, 'Strong': 0.0}","{'attendance_contribution': 13.8, 'test_score_contribution': 18.04, 'assignment_submitted_contribution': 6.8}",[],"['Critical attendance deficit (<60%) — high risk of falling behind.', 'Low test score (<50) — significant knowledge gaps.', 'Low assignment submissions (3/10) — impacting overall score.']","['Attend every possible session immediately.', 'Revisit core concepts; consider seeking tutoring support.', 'Prioritise assignments; create a submission schedule with deadlines.', 'All three core areas need urgent attention — consider speaking with an advisor.']",Weak
18.7,99.9,4.9,Average,Unknown,Unknown,Average,99.8,0.1,57.24,"{'Weak': 0.1, 'Average': 99.8, 'Strong': 0.1}","{'attendance_contribution': 7.48, 'test_score_contribution': 39.96, 'assignment_submitted_contribution': 9.8}",['Excellent test scores (>=80) — strong conceptual grasp.'],"['Critical attendance deficit (<60%) — high risk of falling behind.', 'Low assignment submissions (4/10) — impacting overall score.']","['Attend every possible session immediately.', 'Prioritise assignments; create a submission schedule with deadlines.']",Average
91.2,27.3,4.9,Average,Unknown,Unknown,Average,99.9,0.0,57.2,"{'Weak': 0.0, 'Average': 99.9, 'Strong': 0.0}","{'attendance_contribution': 36.48, 'test_score_contribution': 10.92, 'assignment_submitted_contribution': 9.8}",['Outstanding attendance (>=90%) — excellent commitment.'],"['Low test score (<50) — significant knowledge gaps.', 'Low assignment submissions (4/10) — impacting overall score.']","['Revisit core concepts; consider seeking tutoring support.', 'Prioritise assignments; create a submission schedule with deadlines.']",Average
51.0,23.9,3.3,Average,Unknown,Unknown,Average,99.7,0.3,36.56,"{'Weak': 0.3, 'Average': 99.7, 'Strong': 0.0}","{'attendance_contribution': 20.4, 'test_score_contribution': 9.56, 'assignment_submitted_contribution': 6.6}",[],"['Critical attendance deficit (<60%) — high risk of falling behind.', 'Low test score (<50) — significant knowledge gaps.', 'Low assignment submissions (3/10) — impacting overall score.']","['Attend every possible session immediately.', 'Revisit core concepts; consider seeking tutoring support.', 'Prioritise assignments; create a submission schedule with deadlines.', 'All three core areas need urgent attention — consider speaking with an advisor.']",Average
28.2,48.1,8.0,Average,Unknown,Unknown,Average,99.8,0.1,46.52,"{'Weak': 0.1, 'Average': 99.8, 'Strong': 0.0}","{'attendance_contribution': 11.28, 'test_score_contribution': 19.24, 'assignment_submitted_contribution': 16.0}",['Good assignment submission rate (8/10).'],"['Critical attendance deficit (<60%) — high risk of falling behind.', 'Low test score (<50) — significant knowledge gaps.']","['Attend every possible session immediately.', 'Revisit core concepts; consider seeking tutoring support.']",Average
37.5,65.8,8.0,Average,Unknown,Unknown,Average,99.9,0.1,57.32,"{'Weak': 0.1, 'Average': 99.9, 'Strong': 0.1}","{'attendance_contribution': 15.0, 'test_score_contribution': 26.32, 'assignment_submitted_contribution': 16.0}","['Above-average test performance (65-79).', 'Good assignment submission rate (8/10).']",['Critical attendance deficit (<60%) — high risk of falling behind.'],['Attend every possible session immediately.'],Average
62.1,94.0,4.4,Strong,Unknown,Unknown,Strong,99.8,0.0,71.24,"{'Weak': 0.0, 'Average': 0.2, 'Strong': 99.8}","{'attendance_contribution': 24.84, 'test_score_contribution': 37.6, 'assignment_submitted_contribution': 8.8}",['Excellent test scores (>=80) — strong conceptual grasp.'],"['Below-target attendance (60-74%).', 'Low assignment submissions (4/10) — impacting overall score.']","['Aim for >=75% attendance to stay on track.', 'Prioritise assignments; create a submission schedule with deadlines.']",Strong
25.9,98.3,8.5,Average,Unknown,Unknown,Average,98.8,0.1,66.68,"{'Weak': 0.1, 'Average': 98.8, 'Strong': 1.1}","{'attendance_contribution': 10.36, 'test_score_contribution': 39.32, 'assignment_submitted_contribution': 17.0}","['Excellent test scores (>=80) — strong conceptual grasp.', 'Good assignment submission rate (8/10).']",['Critical attendance deficit (<60%) — high risk of falling behind.'],['Attend every possible session immediately.'],Average
87.1,16.3,2.9,Average,Unknown,Unknown,Average,99.7,0.2,47.16,"{'Weak': 0.2, 'Average': 99.7, 'Strong': 0.0}","{'attendance_contribution': 34.84, 'test_score_contribution': 6.52, 'assignment_submitted_contribution': 5.8}",['Good attendance (75-89%) — keep it consistent.'],"['Low test score (<50) — significant knowledge gaps.', 'Very few assignments submitted (2/10) — critical gap.']","['Revisit core concepts; consider seeking tutoring support.', 'Submit assignments immediately; this severely affects your overall performance.']",Average
78.3,22.4,1.0,Average,Unknown,Unknown,Average,99.7,0.3,42.28,"{'Weak': 0.3, 'Average': 99.7, 'Strong': 0.0}","{'attendance_contribution': 31.32, 'test_score_contribution': 8.96, 'assignment_submitted_contribution': 2.0}",['Good attendance (75-89%) — keep it consistent.'],"['Low test score (<50) — significant knowledge gaps.', 'Very few assignments submitted (1/10) — critical gap.']","['Revisit core concepts; consider seeking tutoring support.', 'Submit assignments immediately; this severely affects your overall performance.']",Average
74.8,81.2,6.1,Average,Unknown,Unknown,Average,96.2,0.0,74.6,"{'Weak': 0.0, 'Average': 96.2, 'Strong': 3.8}","{'attendance_contribution': 29.92, 'test_score_contribution': 32.48, 'assignment_submitted_contribution': 12.2}",['Excellent test scores (>=80) — strong conceptual grasp.'],"['Below-target attendance (60-74%).', 'Moderate assignment submissions (6/10) — room to improve.']","['Aim for >=75% attendance to stay on track.', 'Submit all remaining assignments; aim for >=8/10.']",Average
48.9,34.4,10.0,Average,Unknown,Unknown,Average,100.0,0.0,53.32,"{'Weak': 0.0, 'Average': 100.0, 'Strong': 0.0}","{'attendance_contribution': 19.56, 'test_score_contribution': 13.76, 'assignment_submitted_contribution': 20.0}",['Excellent assignment submission (10/10) — highly disciplined.'],"['Critical attendance deficit (<60%) — high risk of falling behind.', 'Low test score (<50) — significant knowledge gaps.']","['Attend every possible session immediately.', 'Revisit core concepts; consider seeking tutoring support.']",Average
66.5,89.6,1.4,Average,Unknown,Unknown,Average,99.8,0.1,65.24,"{'Weak': 0.1, 'Average': 99.8, 'Strong': 0.2}","{'attendance_contribution': 26.6, 'test_score_contribution': 35.84, 'assignment_submitted_contribution': 2.8}",['Excellent test scores (>=80) — strong conceptual grasp.'],"['Below-target attendance (60-74%).', 'Very few assignments submitted (1/10) — critical gap.']","['Aim for >=75% attendance to stay on track.', 'Submit assignments immediately; this severely affects your overall performance.']",Average
62.6,69.7,2.9,Average,Unknown,Unknown,Average,98.5,0.2,58.72,"{'Weak': 0.2, 'Average': 98.5, 'Strong': 1.2}","{'attendance_contribution': 25.04, 'test_score_contribution': 27.88, 'assignment_submitted_contribution': 5.8}",['Above-average test performance (65-79).'],"['Below-target attendance (60-74%).', 'Very few assignments submitted (2/10) — critical gap.']","['Aim for >=75% attendance to stay on track.', 'Submit assignments immediately; this severely affects your overall performance.']",Average
68.5,20.1,5.7,Average,Unknown,Unknown,Average,99.6,0.3,46.84,"{'Weak': 0.3, 'Average': 99.6, 'Strong': 0.0}","{'attendance_contribution': 27.4, 'test_score_contribution': 8.04, 'assignment_submitted_contribution': 11.4}",[],"['Below-target attendance (60-74%).', 'Low test score (<50) — significant knowledge gaps.', 'Moderate assignment submissions (5/10) — room to improve.']","['Aim for >=75% attendance to stay on track.', 'Revisit core concepts; consider seeking tutoring support.', 'Submit all remaining assignments; aim for >=8/10.']",Average
17.6,84.9,8.3,Average,Unknown,Unknown,Average,99.9,0.0,57.6,"{'Weak': 0.0, 'Average': 99.9, 'Strong': 0.0}","{'attendance_contribution': 7.04, 'test_score_contribution': 33.96, 'assignment_submitted_contribution': 16.6}","['Excellent test scores (>=80) — strong conceptual grasp.', 'Good assignment submission rate (8/10).']",['Critical attendance deficit (<60%) — high risk of falling behind.'],['Attend every possible session immediately.'],Average
47.4,25.9,1.8,Average,Unknown,Unknown,Average,99.1,0.9,32.92,"{'Weak': 0.9, 'Average': 99.1, 'Strong': 0.0}","{'attendance_contribution': 18.96, 'test_score_contribution': 10.36, 'assignment_submitted_contribution': 3.6}",[],"['Critical attendance deficit (<60%) — high risk of falling behind.', 'Low test score (<50) — significant knowledge gaps.', 'Very few assignments submitted (1/10) — critical gap.']","['Attend every possible session immediately.', 'Revisit core concepts; consider seeking tutoring support.', 'Submit assignments immediately; this severely affects your overall performance.', 'All three core areas need urgent attention — consider speaking with an advisor.']",Average
13.7,48.1,4.6,Average,Unknown,Unknown,Average,99.3,0.6,33.92,"{'Weak': 0.6, 'Average': 99.3, 'Strong': 0.0}","{'attendance_contribution': 5.48, 'test_score_contribution': 19.24, 'assignment_submitted_contribution': 9.2}",[],"['Critical attendance deficit (<60%) — high risk of falling behind.', 'Low test score (<50) — significant knowledge gaps.', 'Low assignment submissions (4/10) — impacting overall score.']","['Attend every possible session immediately.', 'Revisit core concepts; consider seeking tutoring support.', 'Prioritise assignments; create a submission schedule with deadlines.', 'All three core areas need urgent attention — consider speaking with an advisor.']",Average
54.5,59.7,7.7,Average,Unknown,Unknown,Average,99.6,0.3,61.08,"{'Weak': 0.3, 'Average': 99.6, 'Strong': 0.1}","{'attendance_contribution': 21.8, 'test_score_contribution': 23.88, 'assignment_submitted_contribution': 15.4}",['Good assignment submission rate (7/10).'],"['Critical attendance deficit (<60%) — high risk of falling behind.', 'Average test score (50-64) — needs improvement.']","['Attend every possible session immediately.', 'Practice past papers and revise weak topics regularly.']",Average
39.7,55.1,4.3,Average,Unknown,Unknown,Average,99.5,0.5,46.52,"{'Weak': 0.5, 'Average': 99.5, 'Strong': 0.0}","{'attendance_contribution': 15.88, 'test_score_contribution': 22.04, 'assignment_submitted_contribution': 8.6}",[],"['Critical attendance deficit (<60%) — high risk of falling behind.', 'Average test score (50-64) — needs improvement.', 'Low assignment submissions (4/10) — impacting overall score.']","['Attend every possible session immediately.', 'Practice past papers and revise weak topics regularly.', 'Prioritise assignments; create a submission schedule with deadlines.']",Average
23.0,71.8,2.7,Weak,Unknown,Unknown,Weak,93.4,93.4,43.32,"{'Weak': 93.4, 'Average': 6.6, 'Strong': 0.0}","{'attendance_contribution': 9.2, 'test_score_contribution': 28.72, 'assignment_submitted_contribution': 5.4}",['Above-average test performance (65-79).'],"['Critical attendance deficit (<60%) — high risk of falling behind.', 'Very few assignments submitted (2/10) — critical gap.']","['Attend every possible session immediately.', 'Submit assignments immediately; this severely affects your overall performance.']",Weak
19.3,68.7,2.8,Average,Unknown,Unknown,Average,98.7,1.3,40.8,"{'Weak': 1.3, 'Average': 98.7, 'Strong': 0.0}","{'attendance_contribution': 7.72, 'test_score_contribution': 27.48, 'assignment_submitted_contribution': 5.6}",['Above-average test performance (65-79).'],"['Critical attendance deficit (<60%) — high risk of falling behind.', 'Very few assignments submitted (2/10) — critical gap.']","['Attend every possible session immediately.', 'Submit assignments immediately; this severely affects your overall performance.']",Average
62.9,99.3,4.7,Strong,Unknown,Unknown,Strong,98.5,0.0,74.28,"{'Weak': 0.0, 'Average': 1.5, 'Strong': 98.5}","{'attendance_contribution': 25.16, 'test_score_contribution': 39.72, 'assignment_submitted_contribution': 9.4}",['Excellent test scores (>=80) — strong conceptual grasp.'],"['Below-target attendance (60-74%).', 'Low assignment submissions (4/10) — impacting overall score.']","['Aim for >=75% attendance to stay on track.', 'Prioritise assignments; create a submission schedule with deadlines.']",Strong
25.4,99.9,5.3,Average,Unknown,Unknown,Average,99.7,0.1,60.72,"{'Weak': 0.1, 'Average': 99.7, 'Strong': 0.2}","{'attendance_contribution': 10.16, 'test_score_contribution': 39.96, 'assignment_submitted_contribution': 10.6}",['Excellent test scores (>=80) — strong conceptual grasp.'],"['Critical attendance deficit (<60%) — high risk of falling behind.', 'Moderate assignment submissions (5/10) — room to improve.']","['Attend every possible session immediately.', 'Submit all remaining assignments; aim for >=8/10.']",Average
93.3,56.5,8.8,Strong,Unknown,Unknown,Strong,98.9,0.0,77.52,"{'Weak': 0.0, 'Average': 1.1, 'Strong': 98.9}","{'attendance_contribution': 37.32, 'test_score_contribution': 22.6, 'assignment_submitted_contribution': 17.6}","['Outstanding attendance (>=90%) — excellent commitment.', 'Good assignment submission rate (8/10).']",['Average test score (50-64) — needs improvement.'],['Practice past papers and revise weak topics regularly.'],Strong
62.3,18.6,6.8,Weak,Unknown,Unknown,Weak,96.7,96.7,45.96,"{'Weak': 96.7, 'Average': 3.0, 'Strong': 0.3}","{'attendance_contribution': 24.92, 'test_score_contribution': 7.44, 'assignment_submitted_contribution': 13.6}",[],"['Below-target attendance (60-74%).', 'Low test score (<50) — significant knowledge gaps.', 'Moderate assignment submissions (6/10) — room to improve.']","['Aim for >=75% attendance to stay on track.', 'Revisit core concepts; consider seeking tutoring support.', 'Submit all remaining assignments; aim for >=8/10.']",Weak
41.2,75.5,7.2,Average,Unknown,Unknown,Average,99.6,0.2,61.08,"{'Weak': 0.2, 'Average': 99.6, 'Strong': 0.3}","{'attendance_contribution': 16.48, 'test_score_contribution': 30.2, 'assignment_submitted_contribution': 14.4}","['Above-average test performance (65-79).', 'Good assignment submission rate (7/10).']",['Critical attendance deficit (<60%) — high risk of falling behind.'],['Attend every possible session immediately.'],Average
63.2,97.9,9.8,Average,Unknown,Unknown,Average,97.9,0.0,84.04,"{'Weak': 0.0, 'Average': 97.9, 'Strong': 2.1}","{'attendance_contribution': 25.28, 'test_score_contribution': 39.16, 'assignment_submitted_contribution': 19.6}","['Excellent test scores (>=80) — strong conceptual grasp.', 'Excellent assignment submission (9/10) — highly disciplined.']",['Below-target attendance (60-74%).'],['Aim for >=75% attendance to stay on track.'],Average
12.1,38.6,4.7,Weak,Unknown,Unknown,Weak,98.1,98.1,29.68,"{'Weak': 98.1, 'Average': 1.9, 'Strong': 0.0}","{'attendance_contribution': 4.84, 'test_score_contribution': 15.44, 'assignment_submitted_contribution': 9.4}",[],"['Critical attendance deficit (<60%) — high risk of falling behind.', 'Low test score (<50) — significant knowledge gaps.', 'Low assignment submissions (4/10) — impacting overall score.']","['Attend every possible session immediately.', 'Revisit core concepts; consider seeking tutoring support.', 'Prioritise assignments; create a submission schedule with deadlines.', 'All three core areas need urgent attention — consider speaking with an advisor.']",Weak
96.3,51.5,4.6,Strong,Unknown,Unknown,Strong,96.5,0.0,68.32,"{'Weak': 0.0, 'Average': 3.5, 'Strong': 96.5}","{'attendance_contribution': 38.52, 'test_score_contribution': 20.6, 'assignment_submitted_contribution': 9.2}",['Outstanding attendance (>=90%) — excellent commitment.'],"['Average test score (50-64) — needs improvement.', 'Low assignment submissions (4/10) — impacting overall score.']","['Practice past papers and revise weak topics regularly.', 'Prioritise assignments; create a submission schedule with deadlines.']",Strong
53.4,48.2,9.3,Average,Unknown,Unknown,Average,99.7,0.2,59.24,"{'Weak': 0.2, 'Average': 99.7, 'Strong': 0.1}","{'attendance_contribution': 21.36, 'test_score_contribution': 19.28, 'assignment_submitted_contribution': 18.6}",['Excellent assignment submission (9/10) — highly disciplined.'],"['Critical attendance deficit (<60%) — high risk of falling behind.', 'Low test score (<50) — significant knowledge gaps.']","['Attend every possible session immediately.', 'Revisit core concepts; consider seeking tutoring support.']",Average
80.4,14.6,3.2,Average,Unknown,Unknown,Average,99.9,0.0,44.4,"{'Weak': 0.0, 'Average': 99.9, 'Strong': 0.0}","{'attendance_contribution': 32.16, 'test_score_contribution': 5.84, 'assignment_submitted_contribution': 6.4}",['Good attendance (75-89%) — keep it consistent.'],"['Low test score (<50) — significant knowledge gaps.', 'Low assignment submissions (3/10) — impacting overall score.']","['Revisit core concepts; consider seeking tutoring support.', 'Prioritise assignments; create a submission schedule with deadlines.']",Average
17.4,70.5,7.6,Average,Unknown,Unknown,Average,99.4,0.5,50.36,"{'Weak': 0.5, 'Average': 99.4, 'Strong': 0.0}","{'attendance_contribution': 6.96, 'test_score_contribution': 28.2, 'assignment_submitted_contribution': 15.2}","['Above-average test performance (65-79).', 'Good assignment submission rate (7/10).']",['Critical attendance deficit (<60%) — high risk of falling behind.'],['Attend every possible session immediately.'],Average
53.8,41.8,7.8,Average,Unknown,Unknown,Average,99.7,0.3,53.84,"{'Weak': 0.3, 'Average': 99.7, 'Strong': 0.0}","{'attendance_contribution': 21.52, 'test_score_contribution': 16.72, 'assignment_submitted_contribution': 15.6}",['Good assignment submission rate (7/10).'],"['Critical attendance deficit (<60%) — high risk of falling behind.', 'Low test score (<50) — significant knowledge gaps.']","['Attend every possible session immediately.', 'Revisit core concepts; consider seeking tutoring support.']",Average
54.2,80.9,1.9,Average,Unknown,Unknown,Average,99.6,0.3,57.84,"{'Weak': 0.3, 'Average': 99.6, 'Strong': 0.1}","{'attendance_contribution': 21.68, 'test_score_contribution': 32.36, 'assignment_submitted_contribution': 3.8}",['Excellent test scores (>=80) — strong conceptual grasp.'],"['Critical attendance deficit (<60%) — high risk of falling behind.', 'Very few assignments submitted (1/10) — critical gap.']","['Attend every possible session immediately.', 'Submit assignments immediately; this severely affects your overall performance.']",Average
94.4,84.9,5.2,Average,Unknown,Unknown,Average,97.4,0.0,82.12,"{'Weak': 0.0, 'Average': 97.4, 'Strong': 2.6}","{'attendance_contribution': 37.76, 'test_score_contribution': 33.96, 'assignment_submitted_contribution': 10.4}","['Outstanding attendance (>=90%) — excellent commitment.', 'Excellent test scores (>=80) — strong conceptual grasp.']",['Moderate assignment submissions (5/10) — room to improve.'],['Submit all remaining assignments; aim for >=8/10.'],Average
61.5,83.9,2.8,Average,Unknown,Unknown,Average,97.6,0.2,63.76,"{'Weak': 0.2, 'Average': 97.6, 'Strong': 2.2}","{'attendance_contribution': 24.6, 'test_score_contribution': 33.56, 'assignment_submitted_contribution': 5.6}",['Excellent test scores (>=80) — strong conceptual grasp.'],"['Below-target attendance (60-74%).', 'Very few assignments submitted (2/10) — critical gap.']","['Aim for >=75% attendance to stay on track.', 'Submit assignments immediately; this severely affects your overall performance.']",Average
52.6,47.5,2.7,Average,Unknown,Unknown,Average,96.5,3.5,45.44,"{'Weak': 3.5, 'Average': 96.5, 'Strong': 0.1}","{'attendance_contribution': 21.04, 'test_score_contribution': 19.0, 'assignment_submitted_contribution': 5.4}",[],"['Critical attendance deficit (<60%) — high risk of falling behind.', 'Low test score (<50) — significant knowledge gaps.', 'Very few assignments submitted (2/10) — critical gap.']","['Attend every possible session immediately.', 'Revisit core concepts; consider seeking tutoring support.', 'Submit assignments immediately; this severely affects your overall performance.', 'All three core areas need urgent attention — consider speaking with an advisor.']",Average
34.0,38.9,5.2,Average,Unknown,Unknown,Average,98.3,1.6,39.56,"{'Weak': 1.6, 'Average': 98.3, 'Strong': 0.0}","{'attendance_contribution': 13.6, 'test_score_contribution': 15.56, 'assignment_submitted_contribution': 10.4}",[],"['Critical attendance deficit (<60%) — high risk of falling behind.', 'Low test score (<50) — significant knowledge gaps.', 'Moderate assignment submissions (5/10) — room to improve.']","['Attend every possible session immediately.', 'Revisit core concepts; consider seeking tutoring support.', 'Submit all remaining assignments; aim for >=8/10.']",Average
39.8,77.4,3.6,Average,Unknown,Unknown,Average,99.8,0.1,54.08,"{'Weak': 0.1, 'Average': 99.8, 'Strong': 0.1}","{'attendance_contribution': 15.92, 'test_score_contribution': 30.96, 'assignment_submitted_contribution': 7.2}",['Above-average test performance (65-79).'],"['Critical attendance deficit (<60%) — high risk of falling behind.', 'Low assignment submissions (3/10) — impacting overall score.']","['Attend every possible session immediately.', 'Prioritise assignments; create a submission schedule with deadlines.']",Average
56.9,82.1,8.2,Average,Unknown,Unknown,Average,98.2,0.1,72.0,"{'Weak': 0.1, 'Average': 98.2, 'Strong': 1.7}","{'attendance_contribution': 22.76, 'test_score_contribution': 32.84, 'assignment_submitted_contribution': 16.4}","['Excellent test scores (>=80) — strong conceptual grasp.', 'Good assignment submission rate (8/10).']",['Critical attendance deficit (<60%) — high risk of falling behind.'],['Attend every possible session immediately.'],Average
49.5,54.2,9.2,Average,Unknown,Unknown,Average,99.9,0.1,59.88,"{'Weak': 0.1, 'Average': 99.9, 'Strong': 0.1}","{'attendance_contribution': 19.8, 'test_score_contribution': 21.68, 'assignment_submitted_contribution': 18.4}",['Excellent assignment submission (9/10) — highly disciplined.'],"['Critical attendance deficit (<60%) — high risk of falling behind.', 'Average test score (50-64) — needs improvement.']","['Attend every possible session immediately.', 'Practice past papers and revise weak topics regularly.']",Average
11.9,90.4,8.2,Average,Unknown,Unknown,Average,99.8,0.1,57.32,"{'Weak': 0.1, 'Average': 99.8, 'Strong': 0.2}","{'attendance_contribution': 4.76, 'test_score_contribution': 36.16, 'assignment_submitted_contribution': 16.4}","['Excellent test scores (>=80) — strong conceptual grasp.', 'Good assignment submission rate (8/10).']",['Critical attendance deficit (<60%) — high risk of falling behind.'],['Attend every possible session immediately.'],Average
84.4,23.0,3.4,Average,Unknown,Unknown,Average,99.8,0.2,49.76,"{'Weak': 0.2, 'Average': 99.8, 'Strong': 0.0}","{'attendance_contribution': 33.76, 'test_score_contribution': 9.2, 'assignment_submitted_contribution': 6.8}",['Good attendance (75-89%) — keep it consistent.'],"['Low test score (<50) — significant knowledge gaps.', 'Low assignment submissions (3/10) — impacting overall score.']","['Revisit core concepts; consider seeking tutoring support.', 'Prioritise assignments; create a submission schedule with deadlines.']",Average
90.7,89.1,3.5,Strong,Unknown,Unknown,Strong,99.0,0.0,78.92,"{'Weak': 0.0, 'Average': 1.0, 'Strong': 99.0}","{'attendance_contribution': 36.28, 'test_score_contribution': 35.64, 'assignment_submitted_contribution': 7.0}","['Outstanding attendance (>=90%) — excellent commitment.', 'Excellent test scores (>=80) — strong conceptual grasp.']",['Low assignment submissions (3/10) — impacting overall score.'],['Prioritise assignments; create a submission schedule with deadlines.'],Strong
22.6,18.6,3.3,Average,Unknown,Unknown,Average,95.4,4.6,23.08,"{'Weak': 4.6, 'Average': 95.4, 'Strong': 0.0}","{'attendance_contribution': 9.04, 'test_score_contribution': 7.44, 'assignment_submitted_contribution': 6.6}",[],"['Critical attendance deficit (<60%) — high risk of falling behind.', 'Low test score (<50) — significant knowledge gaps.', 'Low assignment submissions (3/10) — impacting overall score.']","['Attend every possible session immediately.', 'Revisit core concepts; consider seeking tutoring support.', 'Prioritise assignments; create a submission schedule with deadlines.', 'All three core areas need urgent attention — consider speaking with an advisor.']",Average
59.9,23.8,2.2,Weak,Unknown,Unknown,Weak,95.9,95.9,37.88,"{'Weak': 95.9, 'Average': 4.1, 'Strong': 0.0}","{'attendance_contribution': 23.96, 'test_score_contribution': 9.52, 'assignment_submitted_contribution': 4.4}",[],"['Critical attendance deficit (<60%) — high risk of falling behind.', 'Low test score (<50) — significant knowledge gaps.', 'Very few assignments submitted (2/10) — critical gap.']","['Attend every possible session immediately.', 'Revisit core concepts; consider seeking tutoring support.', 'Submit assignments immediately; this severely affects your overall performance.', 'All three core areas need urgent attention — consider speaking with an advisor.']",Weak
19.8,58.0,9.5,Average,Unknown,Unknown,Average,98.5,1.3,50.12,"{'Weak': 1.3, 'Average': 98.5, 'Strong': 0.2}","{'attendance_contribution': 7.92, 'test_score_contribution': 23.2, 'assignment_submitted_contribution': 19.0}",['Excellent assignment submission (9/10) — highly disciplined.'],"['Critical attendance deficit (<60%) — high risk of falling behind.', 'Average test score (50-64) — needs improvement.']","['Attend every possible session immediately.', 'Practice past papers and revise weak topics regularly.']",Average
70.5,16.1,4.6,Average,Unknown,Unknown,Average,99.6,0.4,43.84,"{'Weak': 0.4, 'Average': 99.6, 'Strong': 0.0}","{'attendance_contribution': 28.2, 'test_score_contribution': 6.44, 'assignment_submitted_contribution': 9.2}",[],"['Below-target attendance (60-74%).', 'Low test score (<50) — significant knowledge gaps.', 'Low assignment submissions (4/10) — impacting overall score.']","['Aim for >=75% attendance to stay on track.', 'Revisit core concepts; consider seeking tutoring support.', 'Prioritise assignments; create a submission schedule with deadlines.']",Average
35.3,14.8,3.0,Average,Unknown,Unknown,Average,99.5,0.5,26.04,"{'Weak': 0.5, 'Average': 99.5, 'Strong': 0.0}","{'attendance_contribution': 14.12, 'test_score_contribution': 5.92, 'assignment_submitted_contribution': 6.0}",[],"['Critical attendance deficit (<60%) — high risk of falling behind.', 'Low test score (<50) — significant knowledge gaps.', 'Low assignment submissions (3/10) — impacting overall score.']","['Attend every possible session immediately.', 'Revisit core concepts; consider seeking tutoring support.', 'Prioritise assignments; create a submission schedule with deadlines.', 'All three core areas need urgent attention — consider speaking with an advisor.']",Average
69.3,10.0,8.6,Average,Unknown,Unknown,Average,99.8,0.1,48.92,"{'Weak': 0.1, 'Average': 99.8, 'Strong': 0.0}","{'attendance_contribution': 27.72, 'test_score_contribution': 4.0, 'assignment_submitted_contribution': 17.2}",['Good assignment submission rate (8/10).'],"['Below-target attendance (60-74%).', 'Low test score (<50) — significant knowledge gaps.']","['Aim for >=75% attendance to stay on track.', 'Revisit core concepts; consider seeking tutoring support.']",Average
75.4,49.3,4.6,Average,Unknown,Unknown,Average,99.9,0.0,59.08,"{'Weak': 0.0, 'Average': 99.9, 'Strong': 0.0}","{'attendance_contribution': 30.16, 'test_score_contribution': 19.72, 'assignment_submitted_contribution': 9.2}",['Good attendance (75-89%) — keep it consistent.'],"['Low test score (<50) — significant knowledge gaps.', 'Low assignment submissions (4/10) — impacting overall score.']","['Revisit core concepts; consider seeking tutoring support.', 'Prioritise assignments; create a submission schedule with deadlines.']",Average
79.2,79.7,1.3,Average,Unknown,Unknown,Average,99.7,0.1,66.16,"{'Weak': 0.1, 'Average': 99.7, 'Strong': 0.2}","{'attendance_contribution': 31.68, 'test_score_contribution': 31.88, 'assignment_submitted_contribution': 2.6}","['Good attendance (75-89%) — keep it consistent.', 'Above-average test performance (65-79).']",['Very few assignments submitted (1/10) — critical gap.'],['Submit assignments immediately; this severely affects your overall performance.'],Average
19.7,13.1,2.5,Weak,Unknown,Unknown,Weak,100.0,100.0,18.12,"{'Weak': 100.0, 'Average': 0.0, 'Strong': 0.0}","{'attendance_contribution': 7.88, 'test_score_contribution': 5.24, 'assignment_submitted_contribution': 5.0}",[],"['Critical attendance deficit (<60%) — high risk of falling behind.', 'Low test score (<50) — significant knowledge gaps.', 'Very few assignments submitted (2/10) — critical gap.']","['Attend every possible session immediately.', 'Revisit core concepts; consider seeking tutoring support.', 'Submit assignments immediately; this severely affects your overall performance.', 'All three core areas need urgent attention — consider speaking with an advisor.']",Weak
92.4,68.7,6.8,Strong,Unknown,Unknown,Strong,97.6,0.0,78.04,"{'Weak': 0.0, 'Average': 2.4, 'Strong': 97.6}","{'attendance_contribution': 36.96, 'test_score_contribution': 27.48, 'assignment_submitted_contribution': 13.6}","['Outstanding attendance (>=90%) — excellent commitment.', 'Above-average test performance (65-79).']",['Moderate assignment submissions (6/10) — room to improve.'],['Submit all remaining assignments; aim for >=8/10.'],Strong
30.7,84.1,8.0,Average,Unknown,Unknown,Average,99.6,0.1,61.92,"{'Weak': 0.1, 'Average': 99.6, 'Strong': 0.3}","{'attendance_contribution': 12.28, 'test_score_contribution': 33.64, 'assignment_submitted_contribution': 16.0}","['Excellent test scores (>=80) — strong conceptual grasp.', 'Good assignment submission rate (8/10).']",['Critical attendance deficit (<60%) — high risk of falling behind.'],['Attend every possible session immediately.'],Average
13.4,25.1,2.9,Weak,Unknown,Unknown,Weak,98.2,98.2,21.2,"{'Weak': 98.2, 'Average': 1.8, 'Strong': 0.0}","{'attendance_contribution': 5.36, 'test_score_contribution': 10.04, 'assignment_submitted_contribution': 5.8}",[],"['Critical attendance deficit (<60%) — high risk of falling behind.', 'Low test score (<50) — significant knowledge gaps.', 'Very few assignments submitted (2/10) — critical gap.']","['Attend every possible session immediately.', 'Revisit core concepts; consider seeking tutoring support.', 'Submit assignments immediately; this severely affects your overall performance.', 'All three core areas need urgent attention — consider speaking with an advisor.']",Weak
59.9,23.2,9.3,Average,Unknown,Unknown,Average,97.4,2.4,51.84,"{'Weak': 2.4, 'Average': 97.4, 'Strong': 0.3}","{'attendance_contribution': 23.96, 'test_score_contribution': 9.28, 'assignment_submitted_contribution': 18.6}",['Excellent assignment submission (9/10) — highly disciplined.'],"['Critical attendance deficit (<60%) — high risk of falling behind.', 'Low test score (<50) — significant knowledge gaps.']","['Attend every possible session immediately.', 'Revisit core concepts; consider seeking tutoring support.']",Average
43.4,87.5,8.7,Strong,Unknown,Unknown,Strong,97.2,0.0,69.76,"{'Weak': 0.0, 'Average': 2.8, 'Strong': 97.2}","{'attendance_contribution': 17.36, 'test_score_contribution': 35.0, 'assignment_submitted_contribution': 17.4}","['Excellent test scores (>=80) — strong conceptual grasp.', 'Good assignment submission rate (8/10).']",['Critical attendance deficit (<60%) — high risk of falling behind.'],['Attend every possible session immediately.'],Strong
84.7,84.1,8.6,Strong,Unknown,Unknown,Strong,97.7,0.0,84.72,"{'Weak': 0.0, 'Average': 2.3, 'Strong': 97.7}","{'attendance_contribution': 33.88, 'test_score_contribution': 33.64, 'assignment_submitted_contribution': 17.2}","['Good attendance (75-89%) — keep it consistent.', 'Excellent test scores (>=80) — strong conceptual grasp.', 'Good assignment submission rate (8/10).']",[],['Performing well across all areas — maintain consistency!'],Strong
82.7,58.5,3.0,Average,Unknown,Unknown,Average,99.7,0.0,62.48,"{'Weak': 0.0, 'Average': 99.7, 'Strong': 0.2}","{'attendance_contribution': 33.08, 'test_score_contribution': 23.4, 'assignment_submitted_contribution': 6.0}",['Good attendance (75-89%) — keep it consistent.'],"['Average test score (50-64) — needs improvement.', 'Low assignment submissions (3/10) — impacting overall score.']","['Practice past papers and revise weak topics regularly.', 'Prioritise assignments; create a submission schedule with deadlines.']",Average
38.5,83.7,1.4,Average,Unknown,Unknown,Average,99.0,1.0,51.68,"{'Weak': 1.0, 'Average': 99.0, 'Strong': 0.0}","{'attendance_contribution': 15.4, 'test_score_contribution': 33.48, 'assignment_submitted_contribution': 2.8}",['Excellent test scores (>=80) — strong conceptual grasp.'],"['Critical attendance deficit (<60%) — high risk of falling behind.', 'Very few assignments submitted (1/10) — critical gap.']","['Attend every possible session immediately.', 'Submit assignments immediately; this severely affects your overall performance.']",Average
95.8,18.3,8.8,Average,Unknown,Unknown,Average,99.8,0.1,63.24,"{'Weak': 0.1, 'Average': 99.8, 'Strong': 0.1}","{'attendance_contribution': 38.32, 'test_score_contribution': 7.32, 'assignment_submitted_contribution': 17.6}","['Outstanding attendance (>=90%) — excellent commitment.', 'Good assignment submission rate (8/10).']",['Low test score (<50) — significant knowledge gaps.'],['Revisit core concepts; consider seeking tutoring support.'],Average
36.2,45.5,3.8,Weak,Unknown,Unknown,Weak,96.3,96.3,40.28,"{'Weak': 96.3, 'Average': 3.6, 'Strong': 0.0}","{'attendance_contribution': 14.48, 'test_score_contribution': 18.2, 'assignment_submitted_contribution': 7.6}",[],"['Critical attendance deficit (<60%) — high risk of falling behind.', 'Low test score (<50) — significant knowledge gaps.', 'Low assignment submissions (3/10) — impacting overall score.']","['Attend every possible session immediately.', 'Revisit core concepts; consider seeking tutoring support.', 'Prioritise assignments; create a submission schedule with deadlines.', 'All three core areas need urgent attention — consider speaking with an advisor.']",Weak
56.4,76.4,6.6,Average,Unknown,Unknown,Average,99.3,0.2,66.32,"{'Weak': 0.2, 'Average': 99.3, 'Strong': 0.5}","{'attendance_contribution': 22.56, 'test_score_contribution': 30.56, 'assignment_submitted_contribution': 13.2}",['Above-average test performance (65-79).'],"['Critical attendance deficit (<60%) — high risk of falling behind.', 'Moderate assignment submissions (6/10) — room to improve.']","['Attend every possible session immediately.', 'Submit all remaining assignments; aim for >=8/10.']",Average
33.0,33.2,7.8,Average,Unknown,Unknown,Average,99.8,0.1,42.08,"{'Weak': 0.1, 'Average': 99.8, 'Strong': 0.0}","{'attendance_contribution': 13.2, 'test_score_contribution': 13.28, 'assignment_submitted_contribution': 15.6}",['Good assignment submission rate (7/10).'],"['Critical attendance deficit (<60%) — high risk of falling behind.', 'Low test score (<50) — significant knowledge gaps.']","['Attend every possible session immediately.', 'Revisit core concepts; consider seeking tutoring support.']",Average
94.2,77.7,2.2,Strong,Unknown,Unknown,Strong,96.9,0.1,73.16,"{'Weak': 0.1, 'Average': 3.1, 'Strong': 96.9}","{'attendance_contribution': 37.68, 'test_score_contribution': 31.08, 'assignment_submitted_contribution': 4.4}","['Outstanding attendance (>=90%) — excellent commitment.', 'Above-average test performance (65-79).']",['Very few assignments submitted (2/10) — critical gap.'],['Submit assignments immediately; this severely affects your overall performance.'],Strong
24.8,55.4,8.0,Average,Unknown,Unknown,Average,99.5,0.5,48.08,"{'Weak': 0.5, 'Average': 99.5, 'Strong': 0.0}","{'attendance_contribution': 9.92, 'test_score_contribution': 22.16, 'assignment_submitted_contribution': 16.0}",['Good assignment submission rate (8/10).'],"['Critical attendance deficit (<60%) — high risk of falling behind.', 'Average test score (50-64) — needs improvement.']","['Attend every possible session immediately.', 'Practice past papers and revise weak topics regularly.']",Average
14.0,77.5,9.4,Average,Unknown,Unknown,Average,99.8,0.1,55.4,"{'Weak': 0.1, 'Average': 99.8, 'Strong': 0.1}","{'attendance_contribution': 5.6, 'test_score_contribution': 31.0, 'assignment_submitted_contribution': 18.8}","['Above-average test performance (65-79).', 'Excellent assignment submission (9/10) — highly disciplined.']",['Critical attendance deficit (<60%) — high risk of falling behind.'],['Attend every possible session immediately.'],Average
49.2,51.8,7.6,Average,Unknown,Unknown,Average,99.8,0.1,55.6,"{'Weak': 0.1, 'Average': 99.8, 'Strong': 0.0}","{'attendance_contribution': 19.68, 'test_score_contribution': 20.72, 'assignment_submitted_contribution': 15.2}",['Good assignment submission rate (7/10).'],"['Critical attendance deficit (<60%) — high risk of falling behind.', 'Average test score (50-64) — needs improvement.']","['Attend every possible session immediately.', 'Practice past papers and revise weak topics regularly.']",Average
99.3,43.1,5.0,Average,Unknown,Unknown,Average,97.7,0.2,66.96,"{'Weak': 0.2, 'Average': 97.7, 'Strong': 2.2}","{'attendance_contribution': 39.72, 'test_score_contribution': 17.24, 'assignment_submitted_contribution': 10.0}",['Outstanding attendance (>=90%) — excellent commitment.'],"['Low test score (<50) — significant knowledge gaps.', 'Moderate assignment submissions (5/10) — room to improve.']","['Revisit core concepts; consider seeking tutoring support.', 'Submit all remaining assignments; aim for >=8/10.']",Average
90.3,29.7,8.9,Average,Unknown,Unknown,Average,99.8,0.0,65.8,"{'Weak': 0.0, 'Average': 99.8, 'Strong': 0.1}","{'attendance_contribution': 36.12, 'test_score_contribution': 11.88, 'assignment_submitted_contribution': 17.8}","['Outstanding attendance (>=90%) — excellent commitment.', 'Good assignment submission rate (8/10).']",['Low test score (<50) — significant knowledge gaps.'],['Revisit core concepts; consider seeking tutoring support.'],Average
77.4,28.8,5.8,Average,Unknown,Unknown,Average,99.9,0.1,54.08,"{'Weak': 0.1, 'Average': 99.9, 'Strong': 0.1}","{'attendance_contribution': 30.96, 'test_score_contribution': 11.52, 'assignment_submitted_contribution': 11.6}",['Good attendance (75-89%) — keep it consistent.'],"['Low test score (<50) — significant knowledge gaps.', 'Moderate assignment submissions (5/10) — room to improve.']","['Revisit core concepts; consider seeking tutoring support.', 'Submit all remaining assignments; aim for >=8/10.']",Average
90.2,77.6,7.7,Average,Unknown,Unknown,Average,93.1,0.0,82.52,"{'Weak': 0.0, 'Average': 93.1, 'Strong': 6.9}","{'attendance_contribution': 36.08, 'test_score_contribution': 31.04, 'assignment_submitted_contribution': 15.4}","['Outstanding attendance (>=90%) — excellent commitment.', 'Above-average test performance (65-79).', 'Good assignment submission rate (7/10).']",[],['Performing well across all areas — maintain consistency!'],Average
90.4,20.7,8.4,Average,Unknown,Unknown,Average,99.8,0.1,61.24,"{'Weak': 0.1, 'Average': 99.8, 'Strong': 0.1}","{'attendance_contribution': 36.16, 'test_score_contribution': 8.28, 'assignment_submitted_contribution': 16.8}","['Outstanding attendance (>=90%) — excellent commitment.', 'Good assignment submission rate (8/10).']",['Low test score (<50) — significant knowledge gaps.'],['Revisit core concepts; consider seeking tutoring support.'],Average
56.7,17.7,7.7,Weak,Unknown,Unknown,Weak,95.9,95.9,45.16,"{'Weak': 95.9, 'Average': 4.1, 'Strong': 0.0}","{'attendance_contribution': 22.68, 'test_score_contribution': 7.08, 'assignment_submitted_contribution': 15.4}",['Good assignment submission rate (7/10).'],"['Critical attendance deficit (<60%) — high risk of falling behind.', 'Low test score (<50) — significant knowledge gaps.']","['Attend every possible session immediately.', 'Revisit core concepts; consider seeking tutoring support.']",Weak
38.4,25.9,3.6,Average,Unknown,Unknown,Average,94.7,5.2,32.92,"{'Weak': 5.2, 'Average': 94.7, 'Strong': 0.0}","{'attendance_contribution': 15.36, 'test_score_contribution': 10.36, 'assignment_submitted_contribution': 7.2}",[],"['Critical attendance deficit (<60%) — high risk of falling behind.', 'Low test score (<50) — significant knowledge gaps.', 'Low assignment submissions (3/10) — impacting overall score.']","['Attend every possible session immediately.', 'Revisit core concepts; consider seeking tutoring support.', 'Prioritise assignments; create a submission schedule with deadlines.', 'All three core areas need urgent attention — consider speaking with an advisor.']",Average
79.5,25.8,2.1,Average,Unknown,Unknown,Average,99.8,0.2,46.32,"{'Weak': 0.2, 'Average': 99.8, 'Strong': 0.0}","{'attendance_contribution': 31.8, 'test_score_contribution': 10.32, 'assignment_submitted_contribution': 4.2}",['Good attendance (75-89%) — keep it consistent.'],"['Low test score (<50) — significant knowledge gaps.', 'Very few assignments submitted (2/10) — critical gap.']","['Revisit core concepts; consider seeking tutoring support.', 'Submit assignments immediately; this severely affects your overall performance.']",Average
69.5,84.1,3.2,Average,Unknown,Unknown,Average,97.5,0.1,67.84,"{'Weak': 0.1, 'Average': 97.5, 'Strong': 2.4}","{'attendance_contribution': 27.8, 'test_score_contribution': 33.64, 'assignment_submitted_contribution': 6.4}",['Excellent test scores (>=80) — strong conceptual grasp.'],"['Below-target attendance (60-74%).', 'Low assignment submissions (3/10) — impacting overall score.']","['Aim for >=75% attendance to stay on track.', 'Prioritise assignments; create a submission schedule with deadlines.']",Average
43.6,45.9,5.5,Average,Unknown,Unknown,Average,99.9,0.1,46.8,"{'Weak': 0.1, 'Average': 99.9, 'Strong': 0.0}","{'attendance_contribution': 17.44, 'test_score_contribution': 18.36, 'assignment_submitted_contribution': 11.0}",[],"['Critical attendance deficit (<60%) — high risk of falling behind.', 'Low test score (<50) — significant knowledge gaps.', 'Moderate assignment submissions (5/10) — room to improve.']","['Attend every possible session immediately.', 'Revisit core concepts; consider seeking tutoring support.', 'Submit all remaining assignments; aim for >=8/10.']",Average
18.5,99.1,5.6,Average,Unknown,Unknown,Average,99.8,0.1,58.24,"{'Weak': 0.1, 'Average': 99.8, 'Strong': 0.1}","{'attendance_contribution': 7.4, 'test_score_contribution': 39.64, 'assignment_submitted_contribution': 11.2}",['Excellent test scores (>=80) — strong conceptual grasp.'],"['Critical attendance deficit (<60%) — high risk of falling behind.', 'Moderate assignment submissions (5/10) — room to improve.']","['Attend every possible session immediately.', 'Submit all remaining assignments; aim for >=8/10.']",Average
77.2,22.3,6.2,Average,Unknown,Unknown,Average,99.4,0.5,52.2,"{'Weak': 0.5, 'Average': 99.4, 'Strong': 0.1}","{'attendance_contribution': 30.88, 'test_score_contribution': 8.92, 'assignment_submitted_contribution': 12.4}",['Good attendance (75-89%) — keep it consistent.'],"['Low test score (<50) — significant knowledge gaps.', 'Moderate assignment submissions (6/10) — room to improve.']","['Revisit core concepts; consider seeking tutoring support.', 'Submit all remaining assignments; aim for >=8/10.']",Average
33.6,68.8,4.6,Average,Unknown,Unknown,Average,99.8,0.1,50.16,"{'Weak': 0.1, 'Average': 99.8, 'Strong': 0.0}","{'attendance_contribution': 13.44, 'test_score_contribution': 27.52, 'assignment_submitted_contribution': 9.2}",['Above-average test performance (65-79).'],"['Critical attendance deficit (<60%) — high risk of falling behind.', 'Low assignment submissions (4/10) — impacting overall score.']","['Attend every possible session immediately.', 'Prioritise assignments; create a submission schedule with deadlines.']",Average
94.3,50.4,8.1,Average,Unknown,Unknown,Average,99.3,0.0,74.08,"{'Weak': 0.0, 'Average': 99.3, 'Strong': 0.7}","{'attendance_contribution': 37.72, 'test_score_contribution': 20.16, 'assignment_submitted_contribution': 16.2}","['Outstanding attendance (>=90%) — excellent commitment.', 'Good assignment submission rate (8/10).']",['Average test score (50-64) — needs improvement.'],['Practice past papers and revise weak topics regularly.'],Average
31.7,45.4,9.2,Average,Unknown,Unknown,Average,99.5,0.4,49.24,"{'Weak': 0.4, 'Average': 99.5, 'Strong': 0.1}","{'attendance_contribution': 12.68, 'test_score_contribution': 18.16, 'assignment_submitted_contribution': 18.4}",['Excellent assignment submission (9/10) — highly disciplined.'],"['Critical attendance deficit (<60%) — high risk of falling behind.', 'Low test score (<50) — significant knowledge gaps.']","['Attend every possible session immediately.', 'Revisit core concepts; consider seeking tutoring support.']",Average
21.0,88.8,3.2,Average,Unknown,Unknown,Average,99.7,0.2,50.32,"{'Weak': 0.2, 'Average': 99.7, 'Strong': 0.1}","{'attendance_contribution': 8.4, 'test_score_contribution': 35.52, 'assignment_submitted_contribution': 6.4}",['Excellent test scores (>=80) — strong conceptual grasp.'],"['Critical attendance deficit (<60%) — high risk of falling behind.', 'Low assignment submissions (3/10) — impacting overall score.']","['Attend every possible session immediately.', 'Prioritise assignments; create a submission schedule with deadlines.']",Average
84.8,97.8,7.6,Strong,Unknown,Unknown,Strong,99.3,0.0,88.24,"{'Weak': 0.0, 'Average': 0.6, 'Strong': 99.3}","{'attendance_contribution': 33.92, 'test_score_contribution': 39.12, 'assignment_submitted_contribution': 15.2}","['Good attendance (75-89%) — keep it consistent.', 'Excellent test scores (>=80) — strong conceptual grasp.', 'Good assignment submission rate (7/10).']",[],['Performing well across all areas — maintain consistency!'],Strong
23.8,88.6,7.1,Average,Unknown,Unknown,Average,99.5,0.2,59.16,"{'Weak': 0.2, 'Average': 99.5, 'Strong': 0.3}","{'attendance_contribution': 9.52, 'test_score_contribution': 35.44, 'assignment_submitted_contribution': 14.2}","['Excellent test scores (>=80) — strong conceptual grasp.', 'Good assignment submission rate (7/10).']",['Critical attendance deficit (<60%) — high risk of falling behind.'],['Attend every possible session immediately.'],Average
26.1,27.3,5.7,Average,Unknown,Unknown,Average,98.6,1.3,32.76,"{'Weak': 1.3, 'Average': 98.6, 'Strong': 0.0}","{'attendance_contribution': 10.44, 'test_score_contribution': 10.92, 'assignment_submitted_contribution': 11.4}",[],"['Critical attendance deficit (<60%) — high risk of falling behind.', 'Low test score (<50) — significant knowledge gaps.', 'Moderate assignment submissions (5/10) — room to improve.']","['Attend every possible session immediately.', 'Revisit core concepts; consider seeking tutoring support.', 'Submit all remaining assignments; aim for >=8/10.']",Average
63.9,29.9,2.7,Average,Unknown,Unknown,Average,99.8,0.2,42.92,"{'Weak': 0.2, 'Average': 99.8, 'Strong': 0.0}","{'attendance_contribution': 25.56, 'test_score_contribution': 11.96, 'assignment_submitted_contribution': 5.4}",[],"['Below-target attendance (60-74%).', 'Low test score (<50) — significant knowledge gaps.', 'Very few assignments submitted (2/10) — critical gap.']","['Aim for >=75% attendance to stay on track.', 'Revisit core concepts; consider seeking tutoring support.', 'Submit assignments immediately; this severely affects your overall performance.']",Average
88.7,69.0,8.2,Strong,Unknown,Unknown,Strong,98.7,0.0,79.48,"{'Weak': 0.0, 'Average': 1.3, 'Strong': 98.7}","{'attendance_contribution': 35.48, 'test_score_contribution': 27.6, 'assignment_submitted_contribution': 16.4}","['Good attendance (75-89%) — keep it consistent.', 'Above-average test performance (65-79).', 'Good assignment submission rate (8/10).']",[],['Performing well across all areas — maintain consistency!'],Strong
27.7,36.0,9.6,Average,Unknown,Unknown,Average,99.6,0.3,44.68,"{'Weak': 0.3, 'Average': 99.6, 'Strong': 0.0}","{'attendance_contribution': 11.08, 'test_score_contribution': 14.4, 'assignment_submitted_contribution': 19.2}",['Excellent assignment submission (9/10) — highly disciplined.'],"['Critical attendance deficit (<60%) — high risk of falling behind.', 'Low test score (<50) — significant knowledge gaps.']","['Attend every possible session immediately.', 'Revisit core concepts; consider seeking tutoring support.']",Average
37.9,76.1,7.5,Average,Unknown,Unknown,Average,99.7,0.1,60.6,"{'Weak': 0.1, 'Average': 99.7, 'Strong': 0.2}","{'attendance_contribution': 15.16, 'test_score_contribution': 30.44, 'assignment_submitted_contribution': 15.0}","['Above-average test performance (65-79).', 'Good assignment submission rate (7/10).']",['Critical attendance deficit (<60%) — high risk of falling behind.'],['Attend every possible session immediately.'],Average
80.0,61.0,9.3,Average,Unknown,Unknown,Average,98.6,0.0,75.0,"{'Weak': 0.0, 'Average': 98.6, 'Strong': 1.3}","{'attendance_contribution': 32.0, 'test_score_contribution': 24.4, 'assignment_submitted_contribution': 18.6}","['Good attendance (75-89%) — keep it consistent.', 'Excellent assignment submission (9/10) — highly disciplined.']",['Average test score (50-64) — needs improvement.'],['Practice past papers and revise weak topics regularly.'],Average
97.5,59.6,9.9,Average,Unknown,Unknown,Average,98.7,0.0,82.64,"{'Weak': 0.0, 'Average': 98.7, 'Strong': 1.3}","{'attendance_contribution': 39.0, 'test_score_contribution': 23.84, 'assignment_submitted_contribution': 19.8}","['Outstanding attendance (>=90%) — excellent commitment.', 'Excellent assignment submission (9/10) — highly disciplined.']",['Average test score (50-64) — needs improvement.'],['Practice past papers and revise weak topics regularly.'],Average
55.1,84.6,4.2,Average,Unknown,Unknown,Average,98.4,0.2,64.28,"{'Weak': 0.2, 'Average': 98.4, 'Strong': 1.3}","{'attendance_contribution': 22.04, 'test_score_contribution': 33.84, 'assignment_submitted_contribution': 8.4}",['Excellent test scores (>=80) — strong conceptual grasp.'],"['Critical attendance deficit (<60%) — high risk of falling behind.', 'Low assignment submissions (4/10) — impacting overall score.']","['Attend every possible session immediately.', 'Prioritise assignments; create a submission schedule with deadlines.']",Average
23.0,73.9,6.7,Average,Unknown,Unknown,Average,98.7,1.1,52.16,"{'Weak': 1.1, 'Average': 98.7, 'Strong': 0.2}","{'attendance_contribution': 9.2, 'test_score_contribution': 29.56, 'assignment_submitted_contribution': 13.4}",['Above-average test performance (65-79).'],"['Critical attendance deficit (<60%) — high risk of falling behind.', 'Moderate assignment submissions (6/10) — room to improve.']","['Attend every possible session immediately.', 'Submit all remaining assignments; aim for >=8/10.']",Average
11.3,12.4,5.3,Weak,Unknown,Unknown,Weak,99.9,99.9,20.08,"{'Weak': 99.9, 'Average': 0.1, 'Strong': 0.0}","{'attendance_contribution': 4.52, 'test_score_contribution': 4.96, 'assignment_submitted_contribution': 10.6}",[],"['Critical attendance deficit (<60%) — high risk of falling behind.', 'Low test score (<50) — significant knowledge gaps.', 'Moderate assignment submissions (5/10) — room to improve.']","['Attend every possible session immediately.', 'Revisit core concepts; consider seeking tutoring support.', 'Submit all remaining assignments; aim for >=8/10.']",Weak
30.7,14.5,9.9,Average,Unknown,Unknown,Average,99.6,0.4,37.88,"{'Weak': 0.4, 'Average': 99.6, 'Strong': 0.0}","{'attendance_contribution': 12.28, 'test_score_contribution': 5.8, 'assignment_submitted_contribution': 19.8}",['Excellent assignment submission (9/10) — highly disciplined.'],"['Critical attendance deficit (<60%) — high risk of falling behind.', 'Low test score (<50) — significant knowledge gaps.']","['Attend every possible session immediately.', 'Revisit core concepts; consider seeking tutoring support.']",Average
21.9,64.1,1.8,Average,Unknown,Unknown,Average,99.0,0.9,38.0,"{'Weak': 0.9, 'Average': 99.0, 'Strong': 0.0}","{'attendance_contribution': 8.76, 'test_score_contribution': 25.64, 'assignment_submitted_contribution': 3.6}",[],"['Critical attendance deficit (<60%) — high risk of falling behind.', 'Average test score (50-64) — needs improvement.', 'Very few assignments submitted (1/10) — critical gap.']","['Attend every possible session immediately.', 'Practice past papers and revise weak topics regularly.', 'Submit assignments immediately; this severely affects your overall performance.']",Average
71.0,53.8,4.7,Average,Unknown,Unknown,Average,99.8,0.1,59.32,"{'Weak': 0.1, 'Average': 99.8, 'Strong': 0.1}","{'attendance_contribution': 28.4, 'test_score_contribution': 21.52, 'assignment_submitted_contribution': 9.4}",[],"['Below-target attendance (60-74%).', 'Average test score (50-64) — needs improvement.', 'Low assignment submissions (4/10) — impacting overall score.']","['Aim for >=75% attendance to stay on track.', 'Practice past papers and revise weak topics regularly.', 'Prioritise assignments; create a submission schedule with deadlines.']",Average
21.0,33.4,8.9,Average,Unknown,Unknown,Average,98.1,1.8,39.56,"{'Weak': 1.8, 'Average': 98.1, 'Strong': 0.0}","{'attendance_contribution': 8.4, 'test_score_contribution': 13.36, 'assignment_submitted_contribution': 17.8}",['Good assignment submission rate (8/10).'],"['Critical attendance deficit (<60%) — high risk of falling behind.', 'Low test score (<50) — significant knowledge gaps.']","['Attend every possible session immediately.', 'Revisit core concepts; consider seeking tutoring support.']",Average
55.6,47.7,3.6,Average,Unknown,Unknown,Average,99.6,0.4,48.52,"{'Weak': 0.4, 'Average': 99.6, 'Strong': 0.0}","{'attendance_contribution': 22.24, 'test_score_contribution': 19.08, 'assignment_submitted_contribution': 7.2}",[],"['Critical attendance deficit (<60%) — high risk of falling behind.', 'Low test score (<50) — significant knowledge gaps.', 'Low assignment submissions (3/10) — impacting overall score.']","['Attend every possible session immediately.', 'Revisit core concepts; consider seeking tutoring support.', 'Prioritise assignments; create a submission schedule with deadlines.', 'All three core areas need urgent attention — consider speaking with an advisor.']",Average
72.5,78.2,8.1,Strong,Unknown,Unknown,Strong,95.1,0.0,76.48,"{'Weak': 0.0, 'Average': 4.9, 'Strong': 95.1}","{'attendance_contribution': 29.0, 'test_score_contribution': 31.28, 'assignment_submitted_contribution': 16.2}","['Above-average test performance (65-79).', 'Good assignment submission rate (8/10).']",['Below-target attendance (60-74%).'],['Aim for >=75% attendance to stay on track.'],Strong
62.3,84.4,4.4,Strong,Unknown,Unknown,Strong,95.1,0.0,67.48,"{'Weak': 0.0, 'Average': 4.9, 'Strong': 95.1}","{'attendance_contribution': 24.92, 'test_score_contribution': 33.76, 'assignment_submitted_contribution': 8.8}",['Excellent test scores (>=80) — strong conceptual grasp.'],"['Below-target attendance (60-74%).', 'Low assignment submissions (4/10) — impacting overall score.']","['Aim for >=75% attendance to stay on track.', 'Prioritise assignments; create a submission schedule with deadlines.']",Strong
28.0,60.5,9.8,Average,Unknown,Unknown,Average,99.9,0.1,55.0,"{'Weak': 0.1, 'Average': 99.9, 'Strong': 0.0}","{'attendance_contribution': 11.2, 'test_score_contribution': 24.2, 'assignment_submitted_contribution': 19.6}",['Excellent assignment submission (9/10) — highly disciplined.'],"['Critical attendance deficit (<60%) — high risk of falling behind.', 'Average test score (50-64) — needs improvement.']","['Attend every possible session immediately.', 'Practice past papers and revise weak topics regularly.']",Average
82.4,44.7,9.0,Strong,Unknown,Unknown,Strong,94.0,0.0,68.84,"{'Weak': 0.0, 'Average': 6.0, 'Strong': 94.0}","{'attendance_contribution': 32.96, 'test_score_contribution': 17.88, 'assignment_submitted_contribution': 18.0}","['Good attendance (75-89%) — keep it consistent.', 'Excellent assignment submission (9/10) — highly disciplined.']",['Low test score (<50) — significant knowledge gaps.'],['Revisit core concepts; consider seeking tutoring support.'],Strong
74.4,34.4,3.7,Average,Unknown,Unknown,Average,99.4,0.6,50.92,"{'Weak': 0.6, 'Average': 99.4, 'Strong': 0.0}","{'attendance_contribution': 29.76, 'test_score_contribution': 13.76, 'assignment_submitted_contribution': 7.4}",[],"['Below-target attendance (60-74%).', 'Low test score (<50) — significant knowledge gaps.', 'Low assignment submissions (3/10) — impacting overall score.']","['Aim for >=75% attendance to stay on track.', 'Revisit core concepts; consider seeking tutoring support.', 'Prioritise assignments; create a submission schedule with deadlines.']",Average
76.5,57.0,7.9,Average,Unknown,Unknown,Average,99.6,0.0,69.2,"{'Weak': 0.0, 'Average': 99.6, 'Strong': 0.3}","{'attendance_contribution': 30.6, 'test_score_contribution': 22.8, 'assignment_submitted_contribution': 15.8}","['Good attendance (75-89%) — keep it consistent.', 'Good assignment submission rate (7/10).']",['Average test score (50-64) — needs improvement.'],['Practice past papers and revise weak topics regularly.'],Average
21.8,38.3,4.0,Average,Unknown,Unknown,Average,96.9,3.1,32.04,"{'Weak': 3.1, 'Average': 96.9, 'Strong': 0.0}","{'attendance_contribution': 8.72, 'test_score_contribution': 15.32, 'assignment_submitted_contribution': 8.0}",[],"['Critical attendance deficit (<60%) — high risk of falling behind.', 'Low test score (<50) — significant knowledge gaps.', 'Low assignment submissions (4/10) — impacting overall score.']","['Attend every possible session immediately.', 'Revisit core concepts; consider seeking tutoring support.', 'Prioritise assignments; create a submission schedule with deadlines.', 'All three core areas need urgent attention — consider speaking with an advisor.']",Average
21.1,60.8,6.5,Weak,Unknown,Unknown,Weak,91.5,91.5,45.76,"{'Weak': 91.5, 'Average': 8.5, 'Strong': 0.0}","{'attendance_contribution': 8.44, 'test_score_contribution': 24.32, 'assignment_submitted_contribution': 13.0}",[],"['Critical attendance deficit (<60%) — high risk of falling behind.', 'Average test score (50-64) — needs improvement.', 'Moderate assignment submissions (6/10) — room to improve.']","['Attend every possible session immediately.', 'Practice past papers and revise weak topics regularly.', 'Submit all remaining assignments; aim for >=8/10.']",Weak
93.5,70.9,6.9,Strong,Unknown,Unknown,Strong,98.8,0.0,79.56,"{'Weak': 0.0, 'Average': 1.2, 'Strong': 98.8}","{'attendance_contribution': 37.4, 'test_score_contribution': 28.36, 'assignment_submitted_contribution': 13.8}","['Outstanding attendance (>=90%) — excellent commitment.', 'Above-average test performance (65-79).']",['Moderate assignment submissions (6/10) — room to improve.'],['Submit all remaining assignments; aim for >=8/10.'],Strong
45.8,15.9,8.5,Average,Unknown,Unknown,Average,98.6,1.4,41.68,"{'Weak': 1.4, 'Average': 98.6, 'Strong': 0.0}","{'attendance_contribution': 18.32, 'test_score_contribution': 6.36, 'assignment_submitted_contribution': 17.0}",['Good assignment submission rate (8/10).'],"['Critical attendance deficit (<60%) — high risk of falling behind.', 'Low test score (<50) — significant knowledge gaps.']","['Attend every possible session immediately.', 'Revisit core concepts; consider seeking tutoring support.']",Average
37.1,10.1,1.2,Weak,Unknown,Unknown,Weak,99.8,99.8,21.28,"{'Weak': 99.8, 'Average': 0.2, 'Strong': 0.0}","{'attendance_contribution': 14.84, 'test_score_contribution': 4.04, 'assignment_submitted_contribution': 2.4}",[],"['Critical attendance deficit (<60%) — high risk of falling behind.', 'Low test score (<50) — significant knowledge gaps.', 'Very few assignments submitted (1/10) — critical gap.']","['Attend every possible session immediately.', 'Revisit core concepts; consider seeking tutoring support.', 'Submit assignments immediately; this severely affects your overall performance.', 'All three core areas need urgent attention — consider speaking with an advisor.']",Weak
54.0,29.1,3.0,Average,Unknown,Unknown,Average,98.5,1.5,39.24,"{'Weak': 1.5, 'Average': 98.5, 'Strong': 0.0}","{'attendance_contribution': 21.6, 'test_score_contribution': 11.64, 'assignment_submitted_contribution': 6.0}",[],"['Critical attendance deficit (<60%) — high risk of falling behind.', 'Low test score (<50) — significant knowledge gaps.', 'Low assignment submissions (3/10) — impacting overall score.']","['Attend every possible session immediately.', 'Revisit core concepts; consider seeking tutoring support.', 'Prioritise assignments; create a submission schedule with deadlines.', 'All three core areas need urgent attention — consider speaking with an advisor.']",Average
69.7,90.5,7.4,Average,Unknown,Unknown,Average,96.9,0.0,78.88,"{'Weak': 0.0, 'Average': 96.9, 'Strong': 3.1}","{'attendance_contribution': 27.88, 'test_score_contribution': 36.2, 'assignment_submitted_contribution': 14.8}","['Excellent test scores (>=80) — strong conceptual grasp.', 'Good assignment submission rate (7/10).']",['Below-target attendance (60-74%).'],['Aim for >=75% attendance to stay on track.'],Average
96.0,68.2,6.1,Strong,Unknown,Unknown,Strong,99.4,0.0,77.88,"{'Weak': 0.0, 'Average': 0.6, 'Strong': 99.4}","{'attendance_contribution': 38.4, 'test_score_contribution': 27.28, 'assignment_submitted_contribution': 12.2}","['Outstanding attendance (>=90%) — excellent commitment.', 'Above-average test performance (65-79).']",['Moderate assignment submissions (6/10) — room to improve.'],['Submit all remaining assignments; aim for >=8/10.'],Strong
35.8,25.5,5.5,Weak,Unknown,Unknown,Weak,95.9,95.9,35.52,"{'Weak': 95.9, 'Average': 4.1, 'Strong': 0.0}","{'attendance_contribution': 14.32, 'test_score_contribution': 10.2, 'assignment_submitted_contribution': 11.0}",[],"['Critical attendance deficit (<60%) — high risk of falling behind.', 'Low test score (<50) — significant knowledge gaps.', 'Moderate assignment submissions (5/10) — room to improve.']","['Attend every possible session immediately.', 'Revisit core concepts; consider seeking tutoring support.', 'Submit all remaining assignments; aim for >=8/10.']",Weak
93.2,90.1,1.5,Average,Unknown,Unknown,Average,98.1,0.1,76.32,"{'Weak': 0.1, 'Average': 98.1, 'Strong': 1.7}","{'attendance_contribution': 37.28, 'test_score_contribution': 36.04, 'assignment_submitted_contribution': 3.0}","['Outstanding attendance (>=90%) — excellent commitment.', 'Excellent test scores (>=80) — strong conceptual grasp.']",['Very few assignments submitted (1/10) — critical gap.'],['Submit assignments immediately; this severely affects your overall performance.'],Average
12.2,52.3,4.1,Weak,Unknown,Unknown,Weak,97.2,97.2,34.0,"{'Weak': 97.2, 'Average': 2.8, 'Strong': 0.0}","{'attendance_contribution': 4.88, 'test_score_contribution': 20.92, 'assignment_submitted_contribution': 8.2}",[],"['Critical attendance deficit (<60%) — high risk of falling behind.', 'Average test score (50-64) — needs improvement.', 'Low assignment submissions (4/10) — impacting overall score.']","['Attend every possible session immediately.', 'Practice past papers and revise weak topics regularly.', 'Prioritise assignments; create a submission schedule with deadlines.']",Weak
60.0,52.8,8.8,Average,Unknown,Unknown,Average,98.7,0.3,62.72,"{'Weak': 0.3, 'Average': 98.7, 'Strong': 0.9}","{'attendance_contribution': 24.0, 'test_score_contribution': 21.12, 'assignment_submitted_contribution': 17.6}",['Good assignment submission rate (8/10).'],"['Below-target attendance (60-74%).', 'Average test score (50-64) — needs improvement.']","['Aim for >=75% attendance to stay on track.', 'Practice past papers and revise weak topics regularly.']",Average
67.1,94.2,1.3,Average,Unknown,Unknown,Average,99.6,0.1,67.12,"{'Weak': 0.1, 'Average': 99.6, 'Strong': 0.3}","{'attendance_contribution': 26.84, 'test_score_contribution': 37.68, 'assignment_submitted_contribution': 2.6}",['Excellent test scores (>=80) — strong conceptual grasp.'],"['Below-target attendance (60-74%).', 'Very few assignments submitted (1/10) — critical gap.']","['Aim for >=75% attendance to stay on track.', 'Submit assignments immediately; this severely affects your overall performance.']",Average
19.5,15.4,4.6,Weak,Unknown,Unknown,Weak,97.4,97.4,23.16,"{'Weak': 97.4, 'Average': 2.6, 'Strong': 0.0}","{'attendance_contribution': 7.8, 'test_score_contribution': 6.16, 'assignment_submitted_contribution': 9.2}",[],"['Critical attendance deficit (<60%) — high risk of falling behind.', 'Low test score (<50) — significant knowledge gaps.', 'Low assignment submissions (4/10) — impacting overall score.']","['Attend every possible session immediately.', 'Revisit core concepts; consider seeking tutoring support.', 'Prioritise assignments; create a submission schedule with deadlines.', 'All three core areas need urgent attention — consider speaking with an advisor.']",Weak
22.6,29.4,9.5,Average,Unknown,Unknown,Average,99.9,0.0,39.8,"{'Weak': 0.0, 'Average': 99.9, 'Strong': 0.0}","{'attendance_contribution': 9.04, 'test_score_contribution': 11.76, 'assignment_submitted_contribution': 19.0}",['Excellent assignment submission (9/10) — highly disciplined.'],"['Critical attendance deficit (<60%) — high risk of falling behind.', 'Low test score (<50) — significant knowledge gaps.']","['Attend every possible session immediately.', 'Revisit core concepts; consider seeking tutoring support.']",Average
47.7,62.7,1.5,Weak,Unknown,Unknown,Weak,93.6,93.6,47.16,"{'Weak': 93.6, 'Average': 6.3, 'Strong': 0.0}","{'attendance_contribution': 19.08, 'test_score_contribution': 25.08, 'assignment_submitted_contribution': 3.0}",[],"['Critical attendance deficit (<60%) — high risk of falling behind.', 'Average test score (50-64) — needs improvement.', 'Very few assignments submitted (1/10) — critical gap.']","['Attend every possible session immediately.', 'Practice past papers and revise weak topics regularly.', 'Submit assignments immediately; this severely affects your overall performance.']",Weak
97.0,27.6,7.8,Average,Unknown,Unknown,Average,99.9,0.0,65.44,"{'Weak': 0.0, 'Average': 99.9, 'Strong': 0.0}","{'attendance_contribution': 38.8, 'test_score_contribution': 11.04, 'assignment_submitted_contribution': 15.6}","['Outstanding attendance (>=90%) — excellent commitment.', 'Good assignment submission rate (7/10).']",['Low test score (<50) — significant knowledge gaps.'],['Revisit core concepts; consider seeking tutoring support.'],Average
63.6,71.2,3.3,Average,Unknown,Unknown,Average,99.6,0.1,60.52,"{'Weak': 0.1, 'Average': 99.6, 'Strong': 0.3}","{'attendance_contribution': 25.44, 'test_score_contribution': 28.48, 'assignment_submitted_contribution': 6.6}",['Above-average test performance (65-79).'],"['Below-target attendance (60-74%).', 'Low assignment submissions (3/10) — impacting overall score.']","['Aim for >=75% attendance to stay on track.', 'Prioritise assignments; create a submission schedule with deadlines.']",Average
94.0,29.3,8.8,Average,Unknown,Unknown,Average,99.8,0.0,66.92,"{'Weak': 0.0, 'Average': 99.8, 'Strong': 0.2}","{'attendance_contribution': 37.6, 'test_score_contribution': 11.72, 'assignment_submitted_contribution': 17.6}","['Outstanding attendance (>=90%) — excellent commitment.', 'Good assignment submission rate (8/10).']",['Low test score (<50) — significant knowledge gaps.'],['Revisit core concepts; consider seeking tutoring support.'],Average
82.4,18.9,7.7,Average,Unknown,Unknown,Average,99.6,0.4,55.92,"{'Weak': 0.4, 'Average': 99.6, 'Strong': 0.1}","{'attendance_contribution': 32.96, 'test_score_contribution': 7.56, 'assignment_submitted_contribution': 15.4}","['Good attendance (75-89%) — keep it consistent.', 'Good assignment submission rate (7/10).']",['Low test score (<50) — significant knowledge gaps.'],['Revisit core concepts; consider seeking tutoring support.'],Average
52.1,28.6,9.0,Average,Unknown,Unknown,Average,99.8,0.2,50.28,"{'Weak': 0.2, 'Average': 99.8, 'Strong': 0.1}","{'attendance_contribution': 20.84, 'test_score_contribution': 11.44, 'assignment_submitted_contribution': 18.0}",['Excellent assignment submission (9/10) — highly disciplined.'],"['Critical attendance deficit (<60%) — high risk of falling behind.', 'Low test score (<50) — significant knowledge gaps.']","['Attend every possible session immediately.', 'Revisit core concepts; consider seeking tutoring support.']",Average
80.6,48.0,2.9,Average,Unknown,Unknown,Average,99.7,0.2,57.24,"{'Weak': 0.2, 'Average': 99.7, 'Strong': 0.1}","{'attendance_contribution': 32.24, 'test_score_contribution': 19.2, 'assignment_submitted_contribution': 5.8}",['Good attendance (75-89%) — keep it consistent.'],"['Low test score (<50) — significant knowledge gaps.', 'Very few assignments submitted (2/10) — critical gap.']","['Revisit core concepts; consider seeking tutoring support.', 'Submit assignments immediately; this severely affects your overall performance.']",Average
11.6,25.9,5.8,Weak,Unknown,Unknown,Weak,99.7,99.7,26.6,"{'Weak': 99.7, 'Average': 0.3, 'Strong': 0.0}","{'attendance_contribution': 4.64, 'test_score_contribution': 10.36, 'assignment_submitted_contribution': 11.6}",[],"['Critical attendance deficit (<60%) — high risk of falling behind.', 'Low test score (<50) — significant knowledge gaps.', 'Moderate assignment submissions (5/10) — room to improve.']","['Attend every possible session immediately.', 'Revisit core concepts; consider seeking tutoring support.', 'Submit all remaining assignments; aim for >=8/10.']",Weak
19.8,22.1,8.0,Average,Unknown,Unknown,Average,98.0,2.0,32.76,"{'Weak': 2.0, 'Average': 98.0, 'Strong': 0.0}","{'attendance_contribution': 7.92, 'test_score_contribution': 8.84, 'assignment_submitted_contribution': 16.0}",['Good assignment submission rate (8/10).'],"['Critical attendance deficit (<60%) — high risk of falling behind.', 'Low test score (<50) — significant knowledge gaps.']","['Attend every possible session immediately.', 'Revisit core concepts; consider seeking tutoring support.']",Average
84.6,87.4,3.2,Average,Unknown,Unknown,Average,98.3,0.1,75.2,"{'Weak': 0.1, 'Average': 98.3, 'Strong': 1.6}","{'attendance_contribution': 33.84, 'test_score_contribution': 34.96, 'assignment_submitted_contribution': 6.4}","['Good attendance (75-89%) — keep it consistent.', 'Excellent test scores (>=80) — strong conceptual grasp.']",['Low assignment submissions (3/10) — impacting overall score.'],['Prioritise assignments; create a submission schedule with deadlines.'],Average
81.7,38.8,3.1,Average,Unknown,Unknown,Average,98.2,1.7,54.4,"{'Weak': 1.7, 'Average': 98.2, 'Strong': 0.0}","{'attendance_contribution': 32.68, 'test_score_contribution': 15.52, 'assignment_submitted_contribution': 6.2}",['Good attendance (75-89%) — keep it consistent.'],"['Low test score (<50) — significant knowledge gaps.', 'Low assignment submissions (3/10) — impacting overall score.']","['Revisit core concepts; consider seeking tutoring support.', 'Prioritise assignments; create a submission schedule with deadlines.']",Average
30.9,42.5,1.2,Average,Unknown,Unknown,Average,98.4,1.6,31.76,"{'Weak': 1.6, 'Average': 98.4, 'Strong': 0.0}","{'attendance_contribution': 12.36, 'test_score_contribution': 17.0, 'assignment_submitted_contribution': 2.4}",[],"['Critical attendance deficit (<60%) — high risk of falling behind.', 'Low test score (<50) — significant knowledge gaps.', 'Very few assignments submitted (1/10) — critical gap.']","['Attend every possible session immediately.', 'Revisit core concepts; consider seeking tutoring support.', 'Submit assignments immediately; this severely affects your overall performance.', 'All three core areas need urgent attention — consider speaking with an advisor.']",Average
57.8,15.0,9.6,Weak,Unknown,Unknown,Weak,95.2,95.2,48.32,"{'Weak': 95.2, 'Average': 4.7, 'Strong': 0.1}","{'attendance_contribution': 23.12, 'test_score_contribution': 6.0, 'assignment_submitted_contribution': 19.2}",['Excellent assignment submission (9/10) — highly disciplined.'],"['Critical attendance deficit (<60%) — high risk of falling behind.', 'Low test score (<50) — significant knowledge gaps.']","['Attend every possible session immediately.', 'Revisit core concepts; consider seeking tutoring support.']",Weak
64.5,42.2,7.4,Average,Unknown,Unknown,Average,99.8,0.1,57.48,"{'Weak': 0.1, 'Average': 99.8, 'Strong': 0.1}","{'attendance_contribution': 25.8, 'test_score_contribution': 16.88, 'assignment_submitted_contribution': 14.8}",['Good assignment submission rate (7/10).'],"['Below-target attendance (60-74%).', 'Low test score (<50) — significant knowledge gaps.']","['Aim for >=75% attendance to stay on track.', 'Revisit core concepts; consider seeking tutoring support.']",Average
88.1,33.8,6.7,Average,Unknown,Unknown,Average,99.7,0.1,62.16,"{'Weak': 0.1, 'Average': 99.7, 'Strong': 0.1}","{'attendance_contribution': 35.24, 'test_score_contribution': 13.52, 'assignment_submitted_contribution': 13.4}",['Good attendance (75-89%) — keep it consistent.'],"['Low test score (<50) — significant knowledge gaps.', 'Moderate assignment submissions (6/10) — room to improve.']","['Revisit core concepts; consider seeking tutoring support.', 'Submit all remaining assignments; aim for >=8/10.']",Average
64.3,64.9,7.7,Average,Unknown,Unknown,Average,96.8,0.0,67.08,"{'Weak': 0.0, 'Average': 96.8, 'Strong': 3.1}","{'attendance_contribution': 25.72, 'test_score_contribution': 25.96, 'assignment_submitted_contribution': 15.4}",['Good assignment submission rate (7/10).'],"['Below-target attendance (60-74%).', 'Average test score (50-64) — needs improvement.']","['Aim for >=75% attendance to stay on track.', 'Practice past papers and revise weak topics regularly.']",Average
47.1,28.5,5.8,Average,Unknown,Unknown,Average,99.9,0.1,41.84,"{'Weak': 0.1, 'Average': 99.9, 'Strong': 0.0}","{'attendance_contribution': 18.84, 'test_score_contribution': 11.4, 'assignment_submitted_contribution': 11.6}",[],"['Critical attendance deficit (<60%) — high risk of falling behind.', 'Low test score (<50) — significant knowledge gaps.', 'Moderate assignment submissions (5/10) — room to improve.']","['Attend every possible session immediately.', 'Revisit core concepts; consider seeking tutoring support.', 'Submit all remaining assignments; aim for >=8/10.']",Average
43.7,90.0,5.3,Average,Unknown,Unknown,Average,99.3,0.0,64.08,"{'Weak': 0.0, 'Average': 99.3, 'Strong': 0.6}","{'attendance_contribution': 17.48, 'test_score_contribution': 36.0, 'assignment_submitted_contribution': 10.6}",['Excellent test scores (>=80) — strong conceptual grasp.'],"['Critical attendance deficit (<60%) — high risk of falling behind.', 'Moderate assignment submissions (5/10) — room to improve.']","['Attend every possible session immediately.', 'Submit all remaining assignments; aim for >=8/10.']",Average
48.3,93.7,5.0,Strong,Unknown,Unknown,Strong,93.9,0.0,66.8,"{'Weak': 0.0, 'Average': 6.1, 'Strong': 93.9}","{'attendance_contribution': 19.32, 'test_score_contribution': 37.48, 'assignment_submitted_contribution': 10.0}",['Excellent test scores (>=80) — strong conceptual grasp.'],"['Critical attendance deficit (<60%) — high risk of falling behind.', 'Moderate assignment submissions (5/10) — room to improve.']","['Attend every possible session immediately.', 'Submit all remaining assignments; aim for >=8/10.']",Strong
68.7,19.0,6.8,Average,Unknown,Unknown,Average,96.7,3.2,48.68,"{'Weak': 3.2, 'Average': 96.7, 'Strong': 0.1}","{'attendance_contribution': 27.48, 'test_score_contribution': 7.6, 'assignment_submitted_contribution': 13.6}",[],"['Below-target attendance (60-74%).', 'Low test score (<50) — significant knowledge gaps.', 'Moderate assignment submissions (6/10) — room to improve.']","['Aim for >=75% attendance to stay on track.', 'Revisit core concepts; consider seeking tutoring support.', 'Submit all remaining assignments; aim for >=8/10.']",Average
88.1,19.7,2.8,Average,Unknown,Unknown,Average,99.7,0.3,48.72,"{'Weak': 0.3, 'Average': 99.7, 'Strong': 0.0}","{'attendance_contribution': 35.24, 'test_score_contribution': 7.88, 'assignment_submitted_contribution': 5.6}",['Good attendance (75-89%) — keep it consistent.'],"['Low test score (<50) — significant knowledge gaps.', 'Very few assignments submitted (2/10) — critical gap.']","['Revisit core concepts; consider seeking tutoring support.', 'Submit assignments immediately; this severely affects your overall performance.']",Average
50.9,20.4,9.0,Average,Unknown,Unknown,Average,99.6,0.4,46.52,"{'Weak': 0.4, 'Average': 99.6, 'Strong': 0.0}","{'attendance_contribution': 20.36, 'test_score_contribution': 8.16, 'assignment_submitted_contribution': 18.0}",['Excellent assignment submission (9/10) — highly disciplined.'],"['Critical attendance deficit (<60%) — high risk of falling behind.', 'Low test score (<50) — significant knowledge gaps.']","['Attend every possible session immediately.', 'Revisit core concepts; consider seeking tutoring support.']",Average
32.3,65.8,8.3,Average,Unknown,Unknown,Average,99.9,0.1,55.84,"{'Weak': 0.1, 'Average': 99.9, 'Strong': 0.1}","{'attendance_contribution': 12.92, 'test_score_contribution': 26.32, 'assignment_submitted_contribution': 16.6}","['Above-average test performance (65-79).', 'Good assignment submission rate (8/10).']",['Critical attendance deficit (<60%) — high risk of falling behind.'],['Attend every possible session immediately.'],Average
31.3,21.0,4.2,Average,Unknown,Unknown,Average,97.1,2.8,29.32,"{'Weak': 2.8, 'Average': 97.1, 'Strong': 0.0}","{'attendance_contribution': 12.52, 'test_score_contribution': 8.4, 'assignment_submitted_contribution': 8.4}",[],"['Critical attendance deficit (<60%) — high risk of falling behind.', 'Low test score (<50) — significant knowledge gaps.', 'Low assignment submissions (4/10) — impacting overall score.']","['Attend every possible session immediately.', 'Revisit core concepts; consider seeking tutoring support.', 'Prioritise assignments; create a submission schedule with deadlines.', 'All three core areas need urgent attention — consider speaking with an advisor.']",Average
77.1,86.7,6.2,Average,Unknown,Unknown,Average,97.3,0.0,77.92,"{'Weak': 0.0, 'Average': 97.3, 'Strong': 2.7}","{'attendance_contribution': 30.84, 'test_score_contribution': 34.68, 'assignment_submitted_contribution': 12.4}","['Good attendance (75-89%) — keep it consistent.', 'Excellent test scores (>=80) — strong conceptual grasp.']",['Moderate assignment submissions (6/10) — room to improve.'],['Submit all remaining assignments; aim for >=8/10.'],Average
83.5,77.9,2.3,Average,Unknown,Unknown,Average,98.7,0.1,69.16,"{'Weak': 0.1, 'Average': 98.7, 'Strong': 1.2}","{'attendance_contribution': 33.4, 'test_score_contribution': 31.16, 'assignment_submitted_contribution': 4.6}","['Good attendance (75-89%) — keep it consistent.', 'Above-average test performance (65-79).']",['Very few assignments submitted (2/10) — critical gap.'],['Submit assignments immediately; this severely affects your overall performance.'],Average
19.5,83.8,9.8,Average,Unknown,Unknown,Average,99.9,0.0,60.92,"{'Weak': 0.0, 'Average': 99.9, 'Strong': 0.0}","{'attendance_contribution': 7.8, 'test_score_contribution': 33.52, 'assignment_submitted_contribution': 19.6}","['Excellent test scores (>=80) — strong conceptual grasp.', 'Excellent assignment submission (9/10) — highly disciplined.']",['Critical attendance deficit (<60%) — high risk of falling behind.'],['Attend every possible session immediately.'],Average
16.0,57.3,9.1,Weak,Unknown,Unknown,Weak,93.0,93.0,47.52,"{'Weak': 93.0, 'Average': 6.8, 'Strong': 0.2}","{'attendance_contribution': 6.4, 'test_score_contribution': 22.92, 'assignment_submitted_contribution': 18.2}",['Excellent assignment submission (9/10) — highly disciplined.'],"['Critical attendance deficit (<60%) — high risk of falling behind.', 'Average test score (50-64) — needs improvement.']","['Attend every possible session immediately.', 'Practice past papers and revise weak topics regularly.']",Weak
63.5,99.7,9.3,Strong,Unknown,Unknown,Strong,99.0,0.0,83.88,"{'Weak': 0.0, 'Average': 1.0, 'Strong': 99.0}","{'attendance_contribution': 25.4, 'test_score_contribution': 39.88, 'assignment_submitted_contribution': 18.6}","['Excellent test scores (>=80) — strong conceptual grasp.', 'Excellent assignment submission (9/10) — highly disciplined.']",['Below-target attendance (60-74%).'],['Aim for >=75% attendance to stay on track.'],Strong
23.2,14.0,4.0,Average,Unknown,Unknown,Average,99.1,0.9,22.88,"{'Weak': 0.9, 'Average': 99.1, 'Strong': 0.0}","{'attendance_contribution': 9.28, 'test_score_contribution': 5.6, 'assignment_submitted_contribution': 8.0}",[],"['Critical attendance deficit (<60%) — high risk of falling behind.', 'Low test score (<50) — significant knowledge gaps.', 'Low assignment submissions (4/10) — impacting overall score.']","['Attend every possible session immediately.', 'Revisit core concepts; consider seeking tutoring support.', 'Prioritise assignments; create a submission schedule with deadlines.', 'All three core areas need urgent attention — consider speaking with an advisor.']",Average
84.2,46.1,2.5,Average,Unknown,Unknown,Average,99.2,0.6,57.12,"{'Weak': 0.6, 'Average': 99.2, 'Strong': 0.2}","{'attendance_contribution': 33.68, 'test_score_contribution': 18.44, 'assignment_submitted_contribution': 5.0}",['Good attendance (75-89%) — keep it consistent.'],"['Low test score (<50) — significant knowledge gaps.', 'Very few assignments submitted (2/10) — critical gap.']","['Revisit core concepts; consider seeking tutoring support.', 'Submit assignments immediately; this severely affects your overall performance.']",Average
37.9,39.2,2.9,Weak,Unknown,Unknown,Weak,92.8,92.8,36.64,"{'Weak': 92.8, 'Average': 7.1, 'Strong': 0.0}","{'attendance_contribution': 15.16, 'test_score_contribution': 15.68, 'assignment_submitted_contribution': 5.8}",[],"['Critical attendance deficit (<60%) — high risk of falling behind.', 'Low test score (<50) — significant knowledge gaps.', 'Very few assignments submitted (2/10) — critical gap.']","['Attend every possible session immediately.', 'Revisit core concepts; consider seeking tutoring support.', 'Submit assignments immediately; this severely affects your overall performance.', 'All three core areas need urgent attention — consider speaking with an advisor.']",Weak
22.9,95.4,1.8,Average,Unknown,Unknown,Average,99.8,0.1,50.92,"{'Weak': 0.1, 'Average': 99.8, 'Strong': 0.0}","{'attendance_contribution': 9.16, 'test_score_contribution': 38.16, 'assignment_submitted_contribution': 3.6}",['Excellent test scores (>=80) — strong conceptual grasp.'],"['Critical attendance deficit (<60%) — high risk of falling behind.', 'Very few assignments submitted (1/10) — critical gap.']","['Attend every possible session immediately.', 'Submit assignments immediately; this severely affects your overall performance.']",Average
92.9,61.9,2.1,Average,Unknown,Unknown,Average,99.2,0.1,66.12,"{'Weak': 0.1, 'Average': 99.2, 'Strong': 0.7}","{'attendance_contribution': 37.16, 'test_score_contribution': 24.76, 'assignment_submitted_contribution': 4.2}",['Outstanding attendance (>=90%) — excellent commitment.'],"['Average test score (50-64) — needs improvement.', 'Very few assignments submitted (2/10) — critical gap.']","['Practice past papers and revise weak topics regularly.', 'Submit assignments immediately; this severely affects your overall performance.']",Average
24.9,82.6,1.6,Weak,Unknown,Unknown,Weak,96.4,96.4,46.2,"{'Weak': 96.4, 'Average': 3.6, 'Strong': 0.0}","{'attendance_contribution': 9.96, 'test_score_contribution': 33.04, 'assignment_submitted_contribution': 3.2}",['Excellent test scores (>=80) — strong conceptual grasp.'],"['Critical attendance deficit (<60%) — high risk of falling behind.', 'Very few assignments submitted (1/10) — critical gap.']","['Attend every possible session immediately.', 'Submit assignments immediately; this severely affects your overall performance.']",Weak
35.6,25.3,9.9,Average,Unknown,Unknown,Average,99.6,0.4,44.16,"{'Weak': 0.4, 'Average': 99.6, 'Strong': 0.0}","{'attendance_contribution': 14.24, 'test_score_contribution': 10.12, 'assignment_submitted_contribution': 19.8}",['Excellent assignment submission (9/10) — highly disciplined.'],"['Critical attendance deficit (<60%) — high risk of falling behind.', 'Low test score (<50) — significant knowledge gaps.']","['Attend every possible session immediately.', 'Revisit core concepts; consider seeking tutoring support.']",Average
23.8,98.1,1.7,Average,Unknown,Unknown,Average,99.9,0.1,52.16,"{'Weak': 0.1, 'Average': 99.9, 'Strong': 0.0}","{'attendance_contribution': 9.52, 'test_score_contribution': 39.24, 'assignment_submitted_contribution': 3.4}",['Excellent test scores (>=80) — strong conceptual grasp.'],"['Critical attendance deficit (<60%) — high risk of falling behind.', 'Very few assignments submitted (1/10) — critical gap.']","['Attend every possible session immediately.', 'Submit assignments immediately; this severely affects your overall performance.']",Average
20.4,54.9,2.2,Weak,Unknown,Unknown,Weak,96.2,96.2,34.52,"{'Weak': 96.2, 'Average': 3.8, 'Strong': 0.0}","{'attendance_contribution': 8.16, 'test_score_contribution': 21.96, 'assignment_submitted_contribution': 4.4}",[],"['Critical attendance deficit (<60%) — high risk of falling behind.', 'Average test score (50-64) — needs improvement.', 'Very few assignments submitted (2/10) — critical gap.']","['Attend every possible session immediately.', 'Practice past papers and revise weak topics regularly.', 'Submit assignments immediately; this severely affects your overall performance.']",Weak
11.9,54.4,8.4,Average,Unknown,Unknown,Average,98.5,1.5,43.32,"{'Weak': 1.5, 'Average': 98.5, 'Strong': 0.0}","{'attendance_contribution': 4.76, 'test_score_contribution': 21.76, 'assignment_submitted_contribution': 16.8}",['Good assignment submission rate (8/10).'],"['Critical attendance deficit (<60%) — high risk of falling behind.', 'Average test score (50-64) — needs improvement.']","['Attend every possible session immediately.', 'Practice past papers and revise weak topics regularly.']",Average
15.0,97.4,6.2,Average,Unknown,Unknown,Average,99.3,0.2,57.36,"{'Weak': 0.2, 'Average': 99.3, 'Strong': 0.5}","{'attendance_contribution': 6.0, 'test_score_contribution': 38.96, 'assignment_submitted_contribution': 12.4}",['Excellent test scores (>=80) — strong conceptual grasp.'],"['Critical attendance deficit (<60%) — high risk of falling behind.', 'Moderate assignment submissions (6/10) — room to improve.']","['Attend every possible session immediately.', 'Submit all remaining assignments; aim for >=8/10.']",Average
25.7,44.3,8.0,Average,Unknown,Unknown,Average,99.7,0.3,44.0,"{'Weak': 0.3, 'Average': 99.7, 'Strong': 0.0}","{'attendance_contribution': 10.28, 'test_score_contribution': 17.72, 'assignment_submitted_contribution': 16.0}",['Good assignment submission rate (8/10).'],"['Critical attendance deficit (<60%) — high risk of falling behind.', 'Low test score (<50) — significant knowledge gaps.']","['Attend every possible session immediately.', 'Revisit core concepts; consider seeking tutoring support.']",Average
14.8,45.8,6.7,Average,Unknown,Unknown,Average,98.6,1.4,37.64,"{'Weak': 1.4, 'Average': 98.6, 'Strong': 0.0}","{'attendance_contribution': 5.92, 'test_score_contribution': 18.32, 'assignment_submitted_contribution': 13.4}",[],"['Critical attendance deficit (<60%) — high risk of falling behind.', 'Low test score (<50) — significant knowledge gaps.', 'Moderate assignment submissions (6/10) — room to improve.']","['Attend every possible session immediately.', 'Revisit core concepts; consider seeking tutoring support.', 'Submit all remaining assignments; aim for >=8/10.']",Average
63.2,62.6,8.9,Strong,Unknown,Unknown,Strong,97.8,0.0,68.12,"{'Weak': 0.0, 'Average': 2.2, 'Strong': 97.8}","{'attendance_contribution': 25.28, 'test_score_contribution': 25.04, 'assignment_submitted_contribution': 17.8}",['Good assignment submission rate (8/10).'],"['Below-target attendance (60-74%).', 'Average test score (50-64) — needs improvement.']","['Aim for >=75% attendance to stay on track.', 'Practice past papers and revise weak topics regularly.']",Strong
71.3,21.5,6.8,Weak,Unknown,Unknown,Weak,91.9,91.9,50.72,"{'Weak': 91.9, 'Average': 8.1, 'Strong': 0.1}","{'attendance_contribution': 28.52, 'test_score_contribution': 8.6, 'assignment_submitted_contribution': 13.6}",[],"['Below-target attendance (60-74%).', 'Low test score (<50) — significant knowledge gaps.', 'Moderate assignment submissions (6/10) — room to improve.']","['Aim for >=75% attendance to stay on track.', 'Revisit core concepts; consider seeking tutoring support.', 'Submit all remaining assignments; aim for >=8/10.']",Weak
45.4,38.9,5.7,Average,Unknown,Unknown,Average,99.7,0.3,45.12,"{'Weak': 0.3, 'Average': 99.7, 'Strong': 0.0}","{'attendance_contribution': 18.16, 'test_score_contribution': 15.56, 'assignment_submitted_contribution': 11.4}",[],"['Critical attendance deficit (<60%) — high risk of falling behind.', 'Low test score (<50) — significant knowledge gaps.', 'Moderate assignment submissions (5/10) — room to improve.']","['Attend every possible session immediately.', 'Revisit core concepts; consider seeking tutoring support.', 'Submit all remaining assignments; aim for >=8/10.']",Average
38.6,27.4,7.4,Average,Unknown,Unknown,Average,99.6,0.3,41.2,"{'Weak': 0.3, 'Average': 99.6, 'Strong': 0.0}","{'attendance_contribution': 15.44, 'test_score_contribution': 10.96, 'assignment_submitted_contribution': 14.8}",['Good assignment submission rate (7/10).'],"['Critical attendance deficit (<60%) — high risk of falling behind.', 'Low test score (<50) — significant knowledge gaps.']","['Attend every possible session immediately.', 'Revisit core concepts; consider seeking tutoring support.']",Average
55.4,19.3,5.0,Weak,Unknown,Unknown,Weak,94.4,94.4,39.88,"{'Weak': 94.4, 'Average': 5.6, 'Strong': 0.0}","{'attendance_contribution': 22.16, 'test_score_contribution': 7.72, 'assignment_submitted_contribution': 10.0}",[],"['Critical attendance deficit (<60%) — high risk of falling behind.', 'Low test score (<50) — significant knowledge gaps.', 'Moderate assignment submissions (5/10) — room to improve.']","['Attend every possible session immediately.', 'Revisit core concepts; consider seeking tutoring support.', 'Submit all remaining assignments; aim for >=8/10.']",Weak
88.8,88.0,4.1,Strong,Unknown,Unknown,Strong,97.0,0.0,78.92,"{'Weak': 0.0, 'Average': 3.0, 'Strong': 97.0}","{'attendance_contribution': 35.52, 'test_score_contribution': 35.2, 'assignment_submitted_contribution': 8.2}","['Good attendance (75-89%) — keep it consistent.', 'Excellent test scores (>=80) — strong conceptual grasp.']",['Low assignment submissions (4/10) — impacting overall score.'],['Prioritise assignments; create a submission schedule with deadlines.'],Strong
86.6,63.0,5.2,Strong,Unknown,Unknown,Strong,96.1,0.0,70.24,"{'Weak': 0.0, 'Average': 3.9, 'Strong': 96.1}","{'attendance_contribution': 34.64, 'test_score_contribution': 25.2, 'assignment_submitted_contribution': 10.4}",['Good attendance (75-89%) — keep it consistent.'],"['Average test score (50-64) — needs improvement.', 'Moderate assignment submissions (5/10) — room to improve.']","['Practice past papers and revise weak topics regularly.', 'Submit all remaining assignments; aim for >=8/10.']",Strong
13.9,42.3,2.5,Weak,Unknown,Unknown,Weak,98.3,98.3,27.48,"{'Weak': 98.3, 'Average': 1.7, 'Strong': 0.0}","{'attendance_contribution': 5.56, 'test_score_contribution': 16.92, 'assignment_submitted_contribution': 5.0}",[],"['Critical attendance deficit (<60%) — high risk of falling behind.', 'Low test score (<50) — significant knowledge gaps.', 'Very few assignments submitted (2/10) — critical gap.']","['Attend every possible session immediately.', 'Revisit core concepts; consider seeking tutoring support.', 'Submit assignments immediately; this severely affects your overall performance.', 'All three core areas need urgent attention — consider speaking with an advisor.']",Weak
26.3,46.8,8.2,Average,Unknown,Unknown,Average,99.8,0.2,45.64,"{'Weak': 0.2, 'Average': 99.8, 'Strong': 0.0}","{'attendance_contribution': 10.52, 'test_score_contribution': 18.72, 'assignment_submitted_contribution': 16.4}",['Good assignment submission rate (8/10).'],"['Critical attendance deficit (<60%) — high risk of falling behind.', 'Low test score (<50) — significant knowledge gaps.']","['Attend every possible session immediately.', 'Revisit core concepts; consider seeking tutoring support.']",Average
31.3,48.8,3.4,Average,Unknown,Unknown,Average,97.5,2.5,38.84,"{'Weak': 2.5, 'Average': 97.5, 'Strong': 0.0}","{'attendance_contribution': 12.52, 'test_score_contribution': 19.52, 'assignment_submitted_contribution': 6.8}",[],"['Critical attendance deficit (<60%) — high risk of falling behind.', 'Low test score (<50) — significant knowledge gaps.', 'Low assignment submissions (3/10) — impacting overall score.']","['Attend every possible session immediately.', 'Revisit core concepts; consider seeking tutoring support.', 'Prioritise assignments; create a submission schedule with deadlines.', 'All three core areas need urgent attention — consider speaking with an advisor.']",Average
32.4,67.0,2.4,Average,Unknown,Unknown,Average,98.1,1.9,44.56,"{'Weak': 1.9, 'Average': 98.1, 'Strong': 0.0}","{'attendance_contribution': 12.96, 'test_score_contribution': 26.8, 'assignment_submitted_contribution': 4.8}",['Above-average test performance (65-79).'],"['Critical attendance deficit (<60%) — high risk of falling behind.', 'Very few assignments submitted (2/10) — critical gap.']","['Attend every possible session immediately.', 'Submit assignments immediately; this severely affects your overall performance.']",Average
61.4,93.4,3.2,Strong,Unknown,Unknown,Strong,94.5,0.1,68.32,"{'Weak': 0.1, 'Average': 5.5, 'Strong': 94.5}","{'attendance_contribution': 24.56, 'test_score_contribution': 37.36, 'assignment_submitted_contribution': 6.4}",['Excellent test scores (>=80) — strong conceptual grasp.'],"['Below-target attendance (60-74%).', 'Low assignment submissions (3/10) — impacting overall score.']","['Aim for >=75% attendance to stay on track.', 'Prioritise assignments; create a submission schedule with deadlines.']",Strong
47.5,94.0,8.6,Average,Unknown,Unknown,Average,96.9,0.0,73.8,"{'Weak': 0.0, 'Average': 96.9, 'Strong': 3.0}","{'attendance_contribution': 19.0, 'test_score_contribution': 37.6, 'assignment_submitted_contribution': 17.2}","['Excellent test scores (>=80) — strong conceptual grasp.', 'Good assignment submission rate (8/10).']",['Critical attendance deficit (<60%) — high risk of falling behind.'],['Attend every possible session immediately.'],Average
14.4,45.2,4.0,Average,Unknown,Unknown,Average,98.3,1.7,31.84,"{'Weak': 1.7, 'Average': 98.3, 'Strong': 0.0}","{'attendance_contribution': 5.76, 'test_score_contribution': 18.08, 'assignment_submitted_contribution': 8.0}",[],"['Critical attendance deficit (<60%) — high risk of falling behind.', 'Low test score (<50) — significant knowledge gaps.', 'Low assignment submissions (4/10) — impacting overall score.']","['Attend every possible session immediately.', 'Revisit core concepts; consider seeking tutoring support.', 'Prioritise assignments; create a submission schedule with deadlines.', 'All three core areas need urgent attention — consider speaking with an advisor.']",Average
43.6,39.6,7.2,Average,Unknown,Unknown,Average,99.7,0.3,47.68,"{'Weak': 0.3, 'Average': 99.7, 'Strong': 0.0}","{'attendance_contribution': 17.44, 'test_score_contribution': 15.84, 'assignment_submitted_contribution': 14.4}",['Good assignment submission rate (7/10).'],"['Critical attendance deficit (<60%) — high risk of falling behind.', 'Low test score (<50) — significant knowledge gaps.']","['Attend every possible session immediately.', 'Revisit core concepts; consider seeking tutoring support.']",Average
57.1,50.6,8.7,Average,Unknown,Unknown,Average,99.6,0.2,60.48,"{'Weak': 0.2, 'Average': 99.6, 'Strong': 0.1}","{'attendance_contribution': 22.84, 'test_score_contribution': 20.24, 'assignment_submitted_contribution': 17.4}",['Good assignment submission rate (8/10).'],"['Critical attendance deficit (<60%) — high risk of falling behind.', 'Average test score (50-64) — needs improvement.']","['Attend every possible session immediately.', 'Practice past papers and revise weak topics regularly.']",Average
19.2,61.1,1.7,Average,Unknown,Unknown,Average,98.8,1.2,35.52,"{'Weak': 1.2, 'Average': 98.8, 'Strong': 0.0}","{'attendance_contribution': 7.68, 'test_score_contribution': 24.44, 'assignment_submitted_contribution': 3.4}",[],"['Critical attendance deficit (<60%) — high risk of falling behind.', 'Average test score (50-64) — needs improvement.', 'Very few assignments submitted (1/10) — critical gap.']","['Attend every possible session immediately.', 'Practice past papers and revise weak topics regularly.', 'Submit assignments immediately; this severely affects your overall performance.']",Average
85.0,51.6,7.9,Average,Unknown,Unknown,Average,99.2,0.1,70.44,"{'Weak': 0.1, 'Average': 99.2, 'Strong': 0.7}","{'attendance_contribution': 34.0, 'test_score_contribution': 20.64, 'assignment_submitted_contribution': 15.8}","['Good attendance (75-89%) — keep it consistent.', 'Good assignment submission rate (7/10).']",['Average test score (50-64) — needs improvement.'],['Practice past papers and revise weak topics regularly.'],Average
14.7,69.3,3.8,Average,Unknown,Unknown,Average,99.8,0.2,41.2,"{'Weak': 0.2, 'Average': 99.8, 'Strong': 0.0}","{'attendance_contribution': 5.88, 'test_score_contribution': 27.72, 'assignment_submitted_contribution': 7.6}",['Above-average test performance (65-79).'],"['Critical attendance deficit (<60%) — high risk of falling behind.', 'Low assignment submissions (3/10) — impacting overall score.']","['Attend every possible session immediately.', 'Prioritise assignments; create a submission schedule with deadlines.']",Average
93.2,59.9,3.0,Average,Unknown,Unknown,Average,98.7,0.1,67.24,"{'Weak': 0.1, 'Average': 98.7, 'Strong': 1.2}","{'attendance_contribution': 37.28, 'test_score_contribution': 23.96, 'assignment_submitted_contribution': 6.0}",['Outstanding attendance (>=90%) — excellent commitment.'],"['Average test score (50-64) — needs improvement.', 'Low assignment submissions (3/10) — impacting overall score.']","['Practice past papers and revise weak topics regularly.', 'Prioritise assignments; create a submission schedule with deadlines.']",Average
18.9,38.9,7.2,Weak,Unknown,Unknown,Weak,92.8,92.8,37.52,"{'Weak': 92.8, 'Average': 7.1, 'Strong': 0.0}","{'attendance_contribution': 7.56, 'test_score_contribution': 15.56, 'assignment_submitted_contribution': 14.4}",['Good assignment submission rate (7/10).'],"['Critical attendance deficit (<60%) — high risk of falling behind.', 'Low test score (<50) — significant knowledge gaps.']","['Attend every possible session immediately.', 'Revisit core concepts; consider seeking tutoring support.']",Weak
85.9,41.1,9.2,Average,Unknown,Unknown,Average,98.6,0.0,69.2,"{'Weak': 0.0, 'Average': 98.6, 'Strong': 1.3}","{'attendance_contribution': 34.36, 'test_score_contribution': 16.44, 'assignment_submitted_contribution': 18.4}","['Good attendance (75-89%) — keep it consistent.', 'Excellent assignment submission (9/10) — highly disciplined.']",['Low test score (<50) — significant knowledge gaps.'],['Revisit core concepts; consider seeking tutoring support.'],Average
91.2,44.1,3.7,Average,Unknown,Unknown,Average,99.7,0.2,61.52,"{'Weak': 0.2, 'Average': 99.7, 'Strong': 0.1}","{'attendance_contribution': 36.48, 'test_score_contribution': 17.64, 'assignment_submitted_contribution': 7.4}",['Outstanding attendance (>=90%) — excellent commitment.'],"['Low test score (<50) — significant knowledge gaps.', 'Low assignment submissions (3/10) — impacting overall score.']","['Revisit core concepts; consider seeking tutoring support.', 'Prioritise assignments; create a submission schedule with deadlines.']",Average
98.2,18.5,6.1,Average,Unknown,Unknown,Average,99.4,0.5,58.88,"{'Weak': 0.5, 'Average': 99.4, 'Strong': 0.1}","{'attendance_contribution': 39.28, 'test_score_contribution': 7.4, 'assignment_submitted_contribution': 12.2}",['Outstanding attendance (>=90%) — excellent commitment.'],"['Low test score (<50) — significant knowledge gaps.', 'Moderate assignment submissions (6/10) — room to improve.']","['Revisit core concepts; consider seeking tutoring support.', 'Submit all remaining assignments; aim for >=8/10.']",Average
82.2,24.9,3.6,Average,Unknown,Unknown,Average,99.9,0.1,50.04,"{'Weak': 0.1, 'Average': 99.9, 'Strong': 0.0}","{'attendance_contribution': 32.88, 'test_score_contribution': 9.96, 'assignment_submitted_contribution': 7.2}",['Good attendance (75-89%) — keep it consistent.'],"['Low test score (<50) — significant knowledge gaps.', 'Low assignment submissions (3/10) — impacting overall score.']","['Revisit core concepts; consider seeking tutoring support.', 'Prioritise assignments; create a submission schedule with deadlines.']",Average
80.2,75.1,6.0,Strong,Unknown,Unknown,Strong,93.8,0.0,74.12,"{'Weak': 0.0, 'Average': 6.2, 'Strong': 93.8}","{'attendance_contribution': 32.08, 'test_score_contribution': 30.04, 'assignment_submitted_contribution': 12.0}","['Good attendance (75-89%) — keep it consistent.', 'Above-average test performance (65-79).']",['Moderate assignment submissions (6/10) — room to improve.'],['Submit all remaining assignments; aim for >=8/10.'],Strong
67.8,45.0,6.6,Average,Unknown,Unknown,Average,99.5,0.3,58.32,"{'Weak': 0.3, 'Average': 99.5, 'Strong': 0.2}","{'attendance_contribution': 27.12, 'test_score_contribution': 18.0, 'assignment_submitted_contribution': 13.2}",[],"['Below-target attendance (60-74%).', 'Low test score (<50) — significant knowledge gaps.', 'Moderate assignment submissions (6/10) — room to improve.']","['Aim for >=75% attendance to stay on track.', 'Revisit core concepts; consider seeking tutoring support.', 'Submit all remaining assignments; aim for >=8/10.']",Average
80.1,29.3,6.5,Average,Unknown,Unknown,Average,99.9,0.1,56.76,"{'Weak': 0.1, 'Average': 99.9, 'Strong': 0.0}","{'attendance_contribution': 32.04, 'test_score_contribution': 11.72, 'assignment_submitted_contribution': 13.0}",['Good attendance (75-89%) — keep it consistent.'],"['Low test score (<50) — significant knowledge gaps.', 'Moderate assignment submissions (6/10) — room to improve.']","['Revisit core concepts; consider seeking tutoring support.', 'Submit all remaining assignments; aim for >=8/10.']",Average
22.1,60.6,6.6,Average,Unknown,Unknown,Average,97.4,2.5,46.28,"{'Weak': 2.5, 'Average': 97.4, 'Strong': 0.1}","{'attendance_contribution': 8.84, 'test_score_contribution': 24.24, 'assignment_submitted_contribution': 13.2}",[],"['Critical attendance deficit (<60%) — high risk of falling behind.', 'Average test score (50-64) — needs improvement.', 'Moderate assignment submissions (6/10) — room to improve.']","['Attend every possible session immediately.', 'Practice past papers and revise weak topics regularly.', 'Submit all remaining assignments; aim for >=8/10.']",Average
58.2,78.0,2.2,Average,Unknown,Unknown,Average,98.8,0.4,58.88,"{'Weak': 0.4, 'Average': 98.8, 'Strong': 0.8}","{'attendance_contribution': 23.28, 'test_score_contribution': 31.2, 'assignment_submitted_contribution': 4.4}",['Above-average test performance (65-79).'],"['Critical attendance deficit (<60%) — high risk of falling behind.', 'Very few assignments submitted (2/10) — critical gap.']","['Attend every possible session immediately.', 'Submit assignments immediately; this severely affects your overall performance.']",Average
56.3,33.2,7.2,Average,Unknown,Unknown,Average,99.0,0.9,50.2,"{'Weak': 0.9, 'Average': 99.0, 'Strong': 0.1}","{'attendance_contribution': 22.52, 'test_score_contribution': 13.28, 'assignment_submitted_contribution': 14.4}",['Good assignment submission rate (7/10).'],"['Critical attendance deficit (<60%) — high risk of falling behind.', 'Low test score (<50) — significant knowledge gaps.']","['Attend every possible session immediately.', 'Revisit core concepts; consider seeking tutoring support.']",Average
87.2,84.4,7.1,Average,Unknown,Unknown,Average,95.0,0.0,82.84,"{'Weak': 0.0, 'Average': 95.0, 'Strong': 5.0}","{'attendance_contribution': 34.88, 'test_score_contribution': 33.76, 'assignment_submitted_contribution': 14.2}","['Good attendance (75-89%) — keep it consistent.', 'Excellent test scores (>=80) — strong conceptual grasp.', 'Good assignment submission rate (7/10).']",[],['Performing well across all areas — maintain consistency!'],Average
51.7,93.5,7.1,Average,Unknown,Unknown,Average,97.3,0.1,72.28,"{'Weak': 0.1, 'Average': 97.3, 'Strong': 2.6}","{'attendance_contribution': 20.68, 'test_score_contribution': 37.4, 'assignment_submitted_contribution': 14.2}","['Excellent test scores (>=80) — strong conceptual grasp.', 'Good assignment submission rate (7/10).']",['Critical attendance deficit (<60%) — high risk of falling behind.'],['Attend every possible session immediately.'],Average
44.7,63.8,1.7,Average,Unknown,Unknown,Average,99.5,0.5,46.8,"{'Weak': 0.5, 'Average': 99.5, 'Strong': 0.0}","{'attendance_contribution': 17.88, 'test_score_contribution': 25.52, 'assignment_submitted_contribution': 3.4}",[],"['Critical attendance deficit (<60%) — high risk of falling behind.', 'Average test score (50-64) — needs improvement.', 'Very few assignments submitted (1/10) — critical gap.']","['Attend every possible session immediately.', 'Practice past papers and revise weak topics regularly.', 'Submit assignments immediately; this severely affects your overall performance.']",Average
67.6,70.2,5.0,Average,Unknown,Unknown,Average,98.5,0.0,65.12,"{'Weak': 0.0, 'Average': 98.5, 'Strong': 1.5}","{'attendance_contribution': 27.04, 'test_score_contribution': 28.08, 'assignment_submitted_contribution': 10.0}",['Above-average test performance (65-79).'],"['Below-target attendance (60-74%).', 'Moderate assignment submissions (5/10) — room to improve.']","['Aim for >=75% attendance to stay on track.', 'Submit all remaining assignments; aim for >=8/10.']",Average
34.0,14.7,4.7,Average,Unknown,Unknown,Average,96.0,3.9,28.88,"{'Weak': 3.9, 'Average': 96.0, 'Strong': 0.0}","{'attendance_contribution': 13.6, 'test_score_contribution': 5.88, 'assignment_submitted_contribution': 9.4}",[],"['Critical attendance deficit (<60%) — high risk of falling behind.', 'Low test score (<50) — significant knowledge gaps.', 'Low assignment submissions (4/10) — impacting overall score.']","['Attend every possible session immediately.', 'Revisit core concepts; consider seeking tutoring support.', 'Prioritise assignments; create a submission schedule with deadlines.', 'All three core areas need urgent attention — consider speaking with an advisor.']",Average
22.6,95.1,1.8,Average,Unknown,Unknown,Average,99.8,0.1,50.68,"{'Weak': 0.1, 'Average': 99.8, 'Strong': 0.1}","{'attendance_contribution': 9.04, 'test_score_contribution': 38.04, 'assignment_submitted_contribution': 3.6}",['Excellent test scores (>=80) — strong conceptual grasp.'],"['Critical attendance deficit (<60%) — high risk of falling behind.', 'Very few assignments submitted (1/10) — critical gap.']","['Attend every possible session immediately.', 'Submit assignments immediately; this severely affects your overall performance.']",Average
53.0,45.3,3.0,Weak,Unknown,Unknown,Weak,92.8,92.8,45.32,"{'Weak': 92.8, 'Average': 7.2, 'Strong': 0.0}","{'attendance_contribution': 21.2, 'test_score_contribution': 18.12, 'assignment_submitted_contribution': 6.0}",[],"['Critical attendance deficit (<60%) — high risk of falling behind.', 'Low test score (<50) — significant knowledge gaps.', 'Low assignment submissions (3/10) — impacting overall score.']","['Attend every possible session immediately.', 'Revisit core concepts; consider seeking tutoring support.', 'Prioritise assignments; create a submission schedule with deadlines.', 'All three core areas need urgent attention — consider speaking with an advisor.']",Weak
47.5,93.2,5.0,Average,Unknown,Unknown,Average,99.7,0.0,66.28,"{'Weak': 0.0, 'Average': 99.7, 'Strong': 0.2}","{'attendance_contribution': 19.0, 'test_score_contribution': 37.28, 'assignment_submitted_contribution': 10.0}",['Excellent test scores (>=80) — strong conceptual grasp.'],"['Critical attendance deficit (<60%) — high risk of falling behind.', 'Moderate assignment submissions (5/10) — room to improve.']","['Attend every possible session immediately.', 'Submit all remaining assignments; aim for >=8/10.']",Average
30.9,62.1,7.7,Average,Unknown,Unknown,Average,99.7,0.2,52.6,"{'Weak': 0.2, 'Average': 99.7, 'Strong': 0.1}","{'attendance_contribution': 12.36, 'test_score_contribution': 24.84, 'assignment_submitted_contribution': 15.4}",['Good assignment submission rate (7/10).'],"['Critical attendance deficit (<60%) — high risk of falling behind.', 'Average test score (50-64) — needs improvement.']","['Attend every possible session immediately.', 'Practice past papers and revise weak topics regularly.']",Average
43.1,10.4,3.1,Average,Unknown,Unknown,Average,97.7,2.3,27.6,"{'Weak': 2.3, 'Average': 97.7, 'Strong': 0.0}","{'attendance_contribution': 17.24, 'test_score_contribution': 4.16, 'assignment_submitted_contribution': 6.2}",[],"['Critical attendance deficit (<60%) — high risk of falling behind.', 'Low test score (<50) — significant knowledge gaps.', 'Low assignment submissions (3/10) — impacting overall score.']","['Attend every possible session immediately.', 'Revisit core concepts; consider seeking tutoring support.', 'Prioritise assignments; create a submission schedule with deadlines.', 'All three core areas need urgent attention — consider speaking with an advisor.']",Average
43.0,13.5,8.5,Weak,Unknown,Unknown,Weak,96.2,96.2,39.6,"{'Weak': 96.2, 'Average': 3.8, 'Strong': 0.0}","{'attendance_contribution': 17.2, 'test_score_contribution': 5.4, 'assignment_submitted_contribution': 17.0}",['Good assignment submission rate (8/10).'],"['Critical attendance deficit (<60%) — high risk of falling behind.', 'Low test score (<50) — significant knowledge gaps.']","['Attend every possible session immediately.', 'Revisit core concepts; consider seeking tutoring support.']",Weak
39.5,71.2,5.9,Average,Unknown,Unknown,Average,99.3,0.6,56.08,"{'Weak': 0.6, 'Average': 99.3, 'Strong': 0.2}","{'attendance_contribution': 15.8, 'test_score_contribution': 28.48, 'assignment_submitted_contribution': 11.8}",['Above-average test performance (65-79).'],"['Critical attendance deficit (<60%) — high risk of falling behind.', 'Moderate assignment submissions (5/10) — room to improve.']","['Attend every possible session immediately.', 'Submit all remaining assignments; aim for >=8/10.']",Average
44.2,60.6,7.8,Average,Unknown,Unknown,Average,99.9,0.1,57.52,"{'Weak': 0.1, 'Average': 99.9, 'Strong': 0.0}","{'attendance_contribution': 17.68, 'test_score_contribution': 24.24, 'assignment_submitted_contribution': 15.6}",['Good assignment submission rate (7/10).'],"['Critical attendance deficit (<60%) — high risk of falling behind.', 'Average test score (50-64) — needs improvement.']","['Attend every possible session immediately.', 'Practice past papers and revise weak topics regularly.']",Average
71.7,12.4,5.2,Average,Unknown,Unknown,Average,99.1,0.9,44.04,"{'Weak': 0.9, 'Average': 99.1, 'Strong': 0.1}","{'attendance_contribution': 28.68, 'test_score_contribution': 4.96, 'assignment_submitted_contribution': 10.4}",[],"['Below-target attendance (60-74%).', 'Low test score (<50) — significant knowledge gaps.', 'Moderate assignment submissions (5/10) — room to improve.']","['Aim for >=75% attendance to stay on track.', 'Revisit core concepts; consider seeking tutoring support.', 'Submit all remaining assignments; aim for >=8/10.']",Average
36.7,76.9,5.5,Average,Unknown,Unknown,Average,99.7,0.1,56.44,"{'Weak': 0.1, 'Average': 99.7, 'Strong': 0.1}","{'attendance_contribution': 14.68, 'test_score_contribution': 30.76, 'assignment_submitted_contribution': 11.0}",['Above-average test performance (65-79).'],"['Critical attendance deficit (<60%) — high risk of falling behind.', 'Moderate assignment submissions (5/10) — room to improve.']","['Attend every possible session immediately.', 'Submit all remaining assignments; aim for >=8/10.']",Average
95.4,86.7,6.6,Average,Unknown,Unknown,Average,98.1,0.0,86.04,"{'Weak': 0.0, 'Average': 98.1, 'Strong': 1.9}","{'attendance_contribution': 38.16, 'test_score_contribution': 34.68, 'assignment_submitted_contribution': 13.2}","['Outstanding attendance (>=90%) — excellent commitment.', 'Excellent test scores (>=80) — strong conceptual grasp.']",['Moderate assignment submissions (6/10) — room to improve.'],['Submit all remaining assignments; aim for >=8/10.'],Average
92.5,54.7,9.4,Average,Unknown,Unknown,Average,97.8,0.0,77.68,"{'Weak': 0.0, 'Average': 97.8, 'Strong': 2.2}","{'attendance_contribution': 37.0, 'test_score_contribution': 21.88, 'assignment_submitted_contribution': 18.8}","['Outstanding attendance (>=90%) — excellent commitment.', 'Excellent assignment submission (9/10) — highly disciplined.']",['Average test score (50-64) — needs improvement.'],['Practice past papers and revise weak topics regularly.'],Average
53.3,51.9,5.4,Average,Unknown,Unknown,Average,99.1,0.8,52.88,"{'Weak': 0.8, 'Average': 99.1, 'Strong': 0.1}","{'attendance_contribution': 21.32, 'test_score_contribution': 20.76, 'assignment_submitted_contribution': 10.8}",[],"['Critical attendance deficit (<60%) — high risk of falling behind.', 'Average test score (50-64) — needs improvement.', 'Moderate assignment submissions (5/10) — room to improve.']","['Attend every possible session immediately.', 'Practice past papers and revise weak topics regularly.', 'Submit all remaining assignments; aim for >=8/10.']",Average
39.6,10.5,5.8,Weak,Unknown,Unknown,Weak,97.4,97.4,31.64,"{'Weak': 97.4, 'Average': 2.6, 'Strong': 0.0}","{'attendance_contribution': 15.84, 'test_score_contribution': 4.2, 'assignment_submitted_contribution': 11.6}",[],"['Critical attendance deficit (<60%) — high risk of falling behind.', 'Low test score (<50) — significant knowledge gaps.', 'Moderate assignment submissions (5/10) — room to improve.']","['Attend every possible session immediately.', 'Revisit core concepts; consider seeking tutoring support.', 'Submit all remaining assignments; aim for >=8/10.']",Weak
58.2,80.8,6.4,Strong,Unknown,Unknown,Strong,94.3,0.0,68.4,"{'Weak': 0.0, 'Average': 5.7, 'Strong': 94.3}","{'attendance_contribution': 23.28, 'test_score_contribution': 32.32, 'assignment_submitted_contribution': 12.8}",['Excellent test scores (>=80) — strong conceptual grasp.'],"['Critical attendance deficit (<60%) — high risk of falling behind.', 'Moderate assignment submissions (6/10) — room to improve.']","['Attend every possible session immediately.', 'Submit all remaining assignments; aim for >=8/10.']",Strong
86.4,39.8,7.6,Average,Unknown,Unknown,Average,99.8,0.1,65.68,"{'Weak': 0.1, 'Average': 99.8, 'Strong': 0.1}","{'attendance_contribution': 34.56, 'test_score_contribution': 15.92, 'assignment_submitted_contribution': 15.2}","['Good attendance (75-89%) — keep it consistent.', 'Good assignment submission rate (7/10).']",['Low test score (<50) — significant knowledge gaps.'],['Revisit core concepts; consider seeking tutoring support.'],Average
68.7,89.1,1.6,Average,Unknown,Unknown,Average,99.4,0.1,66.32,"{'Weak': 0.1, 'Average': 99.4, 'Strong': 0.4}","{'attendance_contribution': 27.48, 'test_score_contribution': 35.64, 'assignment_submitted_contribution': 3.2}",['Excellent test scores (>=80) — strong conceptual grasp.'],"['Below-target attendance (60-74%).', 'Very few assignments submitted (1/10) — critical gap.']","['Aim for >=75% attendance to stay on track.', 'Submit assignments immediately; this severely affects your overall performance.']",Average
82.4,43.6,5.6,Average,Unknown,Unknown,Average,99.8,0.1,61.6,"{'Weak': 0.1, 'Average': 99.8, 'Strong': 0.2}","{'attendance_contribution': 32.96, 'test_score_contribution': 17.44, 'assignment_submitted_contribution': 11.2}",['Good attendance (75-89%) — keep it consistent.'],"['Low test score (<50) — significant knowledge gaps.', 'Moderate assignment submissions (5/10) — room to improve.']","['Revisit core concepts; consider seeking tutoring support.', 'Submit all remaining assignments; aim for >=8/10.']",Average
57.9,60.9,5.3,Average,Unknown,Unknown,Average,99.6,0.3,58.12,"{'Weak': 0.3, 'Average': 99.6, 'Strong': 0.1}","{'attendance_contribution': 23.16, 'test_score_contribution': 24.36, 'assignment_submitted_contribution': 10.6}",[],"['Critical attendance deficit (<60%) — high risk of falling behind.', 'Average test score (50-64) — needs improvement.', 'Moderate assignment submissions (5/10) — room to improve.']","['Attend every possible session immediately.', 'Practice past papers and revise weak topics regularly.', 'Submit all remaining assignments; aim for >=8/10.']",Average
67.0,34.3,9.3,Average,Unknown,Unknown,Average,99.6,0.1,59.12,"{'Weak': 0.1, 'Average': 99.6, 'Strong': 0.3}","{'attendance_contribution': 26.8, 'test_score_contribution': 13.72, 'assignment_submitted_contribution': 18.6}",['Excellent assignment submission (9/10) — highly disciplined.'],"['Below-target attendance (60-74%).', 'Low test score (<50) — significant knowledge gaps.']","['Aim for >=75% attendance to stay on track.', 'Revisit core concepts; consider seeking tutoring support.']",Average
35.9,24.5,5.4,Weak,Unknown,Unknown,Weak,96.7,96.7,34.96,"{'Weak': 96.7, 'Average': 3.3, 'Strong': 0.0}","{'attendance_contribution': 14.36, 'test_score_contribution': 9.8, 'assignment_submitted_contribution': 10.8}",[],"['Critical attendance deficit (<60%) — high risk of falling behind.', 'Low test score (<50) — significant knowledge gaps.', 'Moderate assignment submissions (5/10) — room to improve.']","['Attend every possible session immediately.', 'Revisit core concepts; consider seeking tutoring support.', 'Submit all remaining assignments; aim for >=8/10.']",Weak
76.1,79.7,5.2,Strong,Unknown,Unknown,Strong,95.1,0.0,72.72,"{'Weak': 0.0, 'Average': 4.8, 'Strong': 95.1}","{'attendance_contribution': 30.44, 'test_score_contribution': 31.88, 'assignment_submitted_contribution': 10.4}","['Good attendance (75-89%) — keep it consistent.', 'Above-average test performance (65-79).']",['Moderate assignment submissions (5/10) — room to improve.'],['Submit all remaining assignments; aim for >=8/10.'],Strong
28.2,54.7,9.7,Average,Unknown,Unknown,Average,99.8,0.1,52.56,"{'Weak': 0.1, 'Average': 99.8, 'Strong': 0.0}","{'attendance_contribution': 11.28, 'test_score_contribution': 21.88, 'assignment_submitted_contribution': 19.4}",['Excellent assignment submission (9/10) — highly disciplined.'],"['Critical attendance deficit (<60%) — high risk of falling behind.', 'Average test score (50-64) — needs improvement.']","['Attend every possible session immediately.', 'Practice past papers and revise weak topics regularly.']",Average
72.5,58.3,5.1,Average,Unknown,Unknown,Average,99.2,0.1,62.52,"{'Weak': 0.1, 'Average': 99.2, 'Strong': 0.7}","{'attendance_contribution': 29.0, 'test_score_contribution': 23.32, 'assignment_submitted_contribution': 10.2}",[],"['Below-target attendance (60-74%).', 'Average test score (50-64) — needs improvement.', 'Moderate assignment submissions (5/10) — room to improve.']","['Aim for >=75% attendance to stay on track.', 'Practice past papers and revise weak topics regularly.', 'Submit all remaining assignments; aim for >=8/10.']",Average
87.5,96.9,2.6,Strong,Unknown,Unknown,Strong,99.2,0.0,78.96,"{'Weak': 0.0, 'Average': 0.8, 'Strong': 99.2}","{'attendance_contribution': 35.0, 'test_score_contribution': 38.76, 'assignment_submitted_contribution': 5.2}","['Good attendance (75-89%) — keep it consistent.', 'Excellent test scores (>=80) — strong conceptual grasp.']",['Very few assignments submitted (2/10) — critical gap.'],['Submit assignments immediately; this severely affects your overall performance.'],Strong
21.9,96.7,3.0,Average,Unknown,Unknown,Average,99.9,0.1,53.44,"{'Weak': 0.1, 'Average': 99.9, 'Strong': 0.1}","{'attendance_contribution': 8.76, 'test_score_contribution': 38.68, 'assignment_submitted_contribution': 6.0}",['Excellent test scores (>=80) — strong conceptual grasp.'],"['Critical attendance deficit (<60%) — high risk of falling behind.', 'Low assignment submissions (3/10) — impacting overall score.']","['Attend every possible session immediately.', 'Prioritise assignments; create a submission schedule with deadlines.']",Average
65.3,87.0,1.9,Average,Unknown,Unknown,Average,99.9,0.0,64.72,"{'Weak': 0.0, 'Average': 99.9, 'Strong': 0.1}","{'attendance_contribution': 26.12, 'test_score_contribution': 34.8, 'assignment_submitted_contribution': 3.8}",['Excellent test scores (>=80) — strong conceptual grasp.'],"['Below-target attendance (60-74%).', 'Very few assignments submitted (1/10) — critical gap.']","['Aim for >=75% attendance to stay on track.', 'Submit assignments immediately; this severely affects your overall performance.']",Average
18.6,26.9,1.0,Average,Unknown,Unknown,Average,97.8,2.2,20.2,"{'Weak': 2.2, 'Average': 97.8, 'Strong': 0.0}","{'attendance_contribution': 7.44, 'test_score_contribution': 10.76, 'assignment_submitted_contribution': 2.0}",[],"['Critical attendance deficit (<60%) — high risk of falling behind.', 'Low test score (<50) — significant knowledge gaps.', 'Very few assignments submitted (1/10) — critical gap.']","['Attend every possible session immediately.', 'Revisit core concepts; consider seeking tutoring support.', 'Submit assignments immediately; this severely affects your overall performance.', 'All three core areas need urgent attention — consider speaking with an advisor.']",Average
75.3,63.5,4.9,Average,Unknown,Unknown,Average,97.2,0.0,65.32,"{'Weak': 0.0, 'Average': 97.2, 'Strong': 2.8}","{'attendance_contribution': 30.12, 'test_score_contribution': 25.4, 'assignment_submitted_contribution': 9.8}",['Good attendance (75-89%) — keep it consistent.'],"['Average test score (50-64) — needs improvement.', 'Low assignment submissions (4/10) — impacting overall score.']","['Practice past papers and revise weak topics regularly.', 'Prioritise assignments; create a submission schedule with deadlines.']",Average
17.6,89.0,7.9,Average,Unknown,Unknown,Average,99.9,0.0,58.44,"{'Weak': 0.0, 'Average': 99.9, 'Strong': 0.1}","{'attendance_contribution': 7.04, 'test_score_contribution': 35.6, 'assignment_submitted_contribution': 15.8}","['Excellent test scores (>=80) — strong conceptual grasp.', 'Good assignment submission rate (7/10).']",['Critical attendance deficit (<60%) — high risk of falling behind.'],['Attend every possible session immediately.'],Average
94.2,43.7,7.6,Average,Unknown,Unknown,Average,99.8,0.1,70.36,"{'Weak': 0.1, 'Average': 99.8, 'Strong': 0.1}","{'attendance_contribution': 37.68, 'test_score_contribution': 17.48, 'assignment_submitted_contribution': 15.2}","['Outstanding attendance (>=90%) — excellent commitment.', 'Good assignment submission rate (7/10).']",['Low test score (<50) — significant knowledge gaps.'],['Revisit core concepts; consider seeking tutoring support.'],Average
22.4,19.1,1.3,Weak,Unknown,Unknown,Weak,99.3,99.3,19.2,"{'Weak': 99.3, 'Average': 0.7, 'Strong': 0.0}","{'attendance_contribution': 8.96, 'test_score_contribution': 7.64, 'assignment_submitted_contribution': 2.6}",[],"['Critical attendance deficit (<60%) — high risk of falling behind.', 'Low test score (<50) — significant knowledge gaps.', 'Very few assignments submitted (1/10) — critical gap.']","['Attend every possible session immediately.', 'Revisit core concepts; consider seeking tutoring support.', 'Submit assignments immediately; this severely affects your overall performance.', 'All three core areas need urgent attention — consider speaking with an advisor.']",Weak
96.3,83.0,6.1,Strong,Unknown,Unknown,Strong,99.3,0.0,83.92,"{'Weak': 0.0, 'Average': 0.7, 'Strong': 99.3}","{'attendance_contribution': 38.52, 'test_score_contribution': 33.2, 'assignment_submitted_contribution': 12.2}","['Outstanding attendance (>=90%) — excellent commitment.', 'Excellent test scores (>=80) — strong conceptual grasp.']",['Moderate assignment submissions (6/10) — room to improve.'],['Submit all remaining assignments; aim for >=8/10.'],Strong
82.1,53.4,2.4,Average,Unknown,Unknown,Average,99.6,0.3,59.0,"{'Weak': 0.3, 'Average': 99.6, 'Strong': 0.1}","{'attendance_contribution': 32.84, 'test_score_contribution': 21.36, 'assignment_submitted_contribution': 4.8}",['Good attendance (75-89%) — keep it consistent.'],"['Average test score (50-64) — needs improvement.', 'Very few assignments submitted (2/10) — critical gap.']","['Practice past papers and revise weak topics regularly.', 'Submit assignments immediately; this severely affects your overall performance.']",Average
63.4,60.8,9.5,Average,Unknown,Unknown,Average,97.4,0.1,68.68,"{'Weak': 0.1, 'Average': 97.4, 'Strong': 2.5}","{'attendance_contribution': 25.36, 'test_score_contribution': 24.32, 'assignment_submitted_contribution': 19.0}",['Excellent assignment submission (9/10) — highly disciplined.'],"['Below-target attendance (60-74%).', 'Average test score (50-64) — needs improvement.']","['Aim for >=75% attendance to stay on track.', 'Practice past papers and revise weak topics regularly.']",Average
80.4,98.4,2.5,Average,Unknown,Unknown,Average,97.9,0.1,76.52,"{'Weak': 0.1, 'Average': 97.9, 'Strong': 2.0}","{'attendance_contribution': 32.16, 'test_score_contribution': 39.36, 'assignment_submitted_contribution': 5.0}","['Good attendance (75-89%) — keep it consistent.', 'Excellent test scores (>=80) — strong conceptual grasp.']",['Very few assignments submitted (2/10) — critical gap.'],['Submit assignments immediately; this severely affects your overall performance.'],Average
81.6,64.6,6.6,Strong,Unknown,Unknown,Strong,94.1,0.0,71.68,"{'Weak': 0.0, 'Average': 5.9, 'Strong': 94.1}","{'attendance_contribution': 32.64, 'test_score_contribution': 25.84, 'assignment_submitted_contribution': 13.2}",['Good attendance (75-89%) — keep it consistent.'],"['Average test score (50-64) — needs improvement.', 'Moderate assignment submissions (6/10) — room to improve.']","['Practice past papers and revise weak topics regularly.', 'Submit all remaining assignments; aim for >=8/10.']",Strong
95.1,48.2,3.9,Average,Unknown,Unknown,Average,99.8,0.0,65.12,"{'Weak': 0.0, 'Average': 99.8, 'Strong': 0.2}","{'attendance_contribution': 38.04, 'test_score_contribution': 19.28, 'assignment_submitted_contribution': 7.8}",['Outstanding attendance (>=90%) — excellent commitment.'],"['Low test score (<50) — significant knowledge gaps.', 'Low assignment submissions (3/10) — impacting overall score.']","['Revisit core concepts; consider seeking tutoring support.', 'Prioritise assignments; create a submission schedule with deadlines.']",Average
32.8,43.3,6.8,Average,Unknown,Unknown,Average,98.1,1.9,44.04,"{'Weak': 1.9, 'Average': 98.1, 'Strong': 0.0}","{'attendance_contribution': 13.12, 'test_score_contribution': 17.32, 'assignment_submitted_contribution': 13.6}",[],"['Critical attendance deficit (<60%) — high risk of falling behind.', 'Low test score (<50) — significant knowledge gaps.', 'Moderate assignment submissions (6/10) — room to improve.']","['Attend every possible session immediately.', 'Revisit core concepts; consider seeking tutoring support.', 'Submit all remaining assignments; aim for >=8/10.']",Average
63.1,47.6,4.7,Average,Unknown,Unknown,Average,99.9,0.1,53.68,"{'Weak': 0.1, 'Average': 99.9, 'Strong': 0.1}","{'attendance_contribution': 25.24, 'test_score_contribution': 19.04, 'assignment_submitted_contribution': 9.4}",[],"['Below-target attendance (60-74%).', 'Low test score (<50) — significant knowledge gaps.', 'Low assignment submissions (4/10) — impacting overall score.']","['Aim for >=75% attendance to stay on track.', 'Revisit core concepts; consider seeking tutoring support.', 'Prioritise assignments; create a submission schedule with deadlines.']",Average
18.6,20.7,7.8,Average,Unknown,Unknown,Average,98.6,1.4,31.32,"{'Weak': 1.4, 'Average': 98.6, 'Strong': 0.0}","{'attendance_contribution': 7.44, 'test_score_contribution': 8.28, 'assignment_submitted_contribution': 15.6}",['Good assignment submission rate (7/10).'],"['Critical attendance deficit (<60%) — high risk of falling behind.', 'Low test score (<50) — significant knowledge gaps.']","['Attend every possible session immediately.', 'Revisit core concepts; consider seeking tutoring support.']",Average
65.5,81.5,3.1,Average,Unknown,Unknown,Average,99.4,0.1,65.0,"{'Weak': 0.1, 'Average': 99.4, 'Strong': 0.5}","{'attendance_contribution': 26.2, 'test_score_contribution': 32.6, 'assignment_submitted_contribution': 6.2}",['Excellent test scores (>=80) — strong conceptual grasp.'],"['Below-target attendance (60-74%).', 'Low assignment submissions (3/10) — impacting overall score.']","['Aim for >=75% attendance to stay on track.', 'Prioritise assignments; create a submission schedule with deadlines.']",Average
25.4,85.4,9.2,Average,Unknown,Unknown,Average,99.3,0.1,62.72,"{'Weak': 0.1, 'Average': 99.3, 'Strong': 0.6}","{'attendance_contribution': 10.16, 'test_score_contribution': 34.16, 'assignment_submitted_contribution': 18.4}","['Excellent test scores (>=80) — strong conceptual grasp.', 'Excellent assignment submission (9/10) — highly disciplined.']",['Critical attendance deficit (<60%) — high risk of falling behind.'],['Attend every possible session immediately.'],Average
60.8,35.6,5.5,Average,Unknown,Unknown,Average,99.3,0.6,49.56,"{'Weak': 0.6, 'Average': 99.3, 'Strong': 0.2}","{'attendance_contribution': 24.32, 'test_score_contribution': 14.24, 'assignment_submitted_contribution': 11.0}",[],"['Below-target attendance (60-74%).', 'Low test score (<50) — significant knowledge gaps.', 'Moderate assignment submissions (5/10) — room to improve.']","['Aim for >=75% attendance to stay on track.', 'Revisit core concepts; consider seeking tutoring support.', 'Submit all remaining assignments; aim for >=8/10.']",Average
61.5,37.3,7.8,Average,Unknown,Unknown,Average,99.8,0.2,55.12,"{'Weak': 0.2, 'Average': 99.8, 'Strong': 0.1}","{'attendance_contribution': 24.6, 'test_score_contribution': 14.92, 'assignment_submitted_contribution': 15.6}",['Good assignment submission rate (7/10).'],"['Below-target attendance (60-74%).', 'Low test score (<50) — significant knowledge gaps.']","['Aim for >=75% attendance to stay on track.', 'Revisit core concepts; consider seeking tutoring support.']",Average
51.9,88.7,8.6,Average,Unknown,Unknown,Average,99.4,0.0,73.44,"{'Weak': 0.0, 'Average': 99.4, 'Strong': 0.5}","{'attendance_contribution': 20.76, 'test_score_contribution': 35.48, 'assignment_submitted_contribution': 17.2}","['Excellent test scores (>=80) — strong conceptual grasp.', 'Good assignment submission rate (8/10).']",['Critical attendance deficit (<60%) — high risk of falling behind.'],['Attend every possible session immediately.'],Average
57.0,12.2,10.0,Average,Unknown,Unknown,Average,97.3,2.7,47.68,"{'Weak': 2.7, 'Average': 97.3, 'Strong': 0.1}","{'attendance_contribution': 22.8, 'test_score_contribution': 4.88, 'assignment_submitted_contribution': 20.0}",['Excellent assignment submission (10/10) — highly disciplined.'],"['Critical attendance deficit (<60%) — high risk of falling behind.', 'Low test score (<50) — significant knowledge gaps.']","['Attend every possible session immediately.', 'Revisit core concepts; consider seeking tutoring support.']",Average
78.8,56.8,3.0,Average,Unknown,Unknown,Average,99.9,0.1,60.24,"{'Weak': 0.1, 'Average': 99.9, 'Strong': 0.1}","{'attendance_contribution': 31.52, 'test_score_contribution': 22.72, 'assignment_submitted_contribution': 6.0}",['Good attendance (75-89%) — keep it consistent.'],"['Average test score (50-64) — needs improvement.', 'Low assignment submissions (3/10) — impacting overall score.']","['Practice past papers and revise weak topics regularly.', 'Prioritise assignments; create a submission schedule with deadlines.']",Average
81.9,51.7,3.6,Average,Unknown,Unknown,Average,99.6,0.2,60.64,"{'Weak': 0.2, 'Average': 99.6, 'Strong': 0.3}","{'attendance_contribution': 32.76, 'test_score_contribution': 20.68, 'assignment_submitted_contribution': 7.2}",['Good attendance (75-89%) — keep it consistent.'],"['Average test score (50-64) — needs improvement.', 'Low assignment submissions (3/10) — impacting overall score.']","['Practice past papers and revise weak topics regularly.', 'Prioritise assignments; create a submission schedule with deadlines.']",Average
54.3,72.1,3.2,Average,Unknown,Unknown,Average,99.7,0.2,56.96,"{'Weak': 0.2, 'Average': 99.7, 'Strong': 0.1}","{'attendance_contribution': 21.72, 'test_score_contribution': 28.84, 'assignment_submitted_contribution': 6.4}",['Above-average test performance (65-79).'],"['Critical attendance deficit (<60%) — high risk of falling behind.', 'Low assignment submissions (3/10) — impacting overall score.']","['Attend every possible session immediately.', 'Prioritise assignments; create a submission schedule with deadlines.']",Average
64.0,24.7,3.4,Average,Unknown,Unknown,Average,99.5,0.5,42.28,"{'Weak': 0.5, 'Average': 99.5, 'Strong': 0.0}","{'attendance_contribution': 25.6, 'test_score_contribution': 9.88, 'assignment_submitted_contribution': 6.8}",[],"['Below-target attendance (60-74%).', 'Low test score (<50) — significant knowledge gaps.', 'Low assignment submissions (3/10) — impacting overall score.']","['Aim for >=75% attendance to stay on track.', 'Revisit core concepts; consider seeking tutoring support.', 'Prioritise assignments; create a submission schedule with deadlines.']",Average
93.8,70.1,6.2,Strong,Unknown,Unknown,Strong,98.5,0.0,77.96,"{'Weak': 0.0, 'Average': 1.5, 'Strong': 98.5}","{'attendance_contribution': 37.52, 'test_score_contribution': 28.04, 'assignment_submitted_contribution': 12.4}","['Outstanding attendance (>=90%) — excellent commitment.', 'Above-average test performance (65-79).']",['Moderate assignment submissions (6/10) — room to improve.'],['Submit all remaining assignments; aim for >=8/10.'],Strong
20.8,43.9,9.9,Average,Unknown,Unknown,Average,99.8,0.2,45.68,"{'Weak': 0.2, 'Average': 99.8, 'Strong': 0.0}","{'attendance_contribution': 8.32, 'test_score_contribution': 17.56, 'assignment_submitted_contribution': 19.8}",['Excellent assignment submission (9/10) — highly disciplined.'],"['Critical attendance deficit (<60%) — high risk of falling behind.', 'Low test score (<50) — significant knowledge gaps.']","['Attend every possible session immediately.', 'Revisit core concepts; consider seeking tutoring support.']",Average
20.5,65.7,9.9,Average,Unknown,Unknown,Average,99.9,0.1,54.28,"{'Weak': 0.1, 'Average': 99.9, 'Strong': 0.0}","{'attendance_contribution': 8.2, 'test_score_contribution': 26.28, 'assignment_submitted_contribution': 19.8}","['Above-average test performance (65-79).', 'Excellent assignment submission (9/10) — highly disciplined.']",['Critical attendance deficit (<60%) — high risk of falling behind.'],['Attend every possible session immediately.'],Average
17.9,13.6,5.7,Weak,Unknown,Unknown,Weak,99.3,99.3,24.0,"{'Weak': 99.3, 'Average': 0.6, 'Strong': 0.0}","{'attendance_contribution': 7.16, 'test_score_contribution': 5.44, 'assignment_submitted_contribution': 11.4}",[],"['Critical attendance deficit (<60%) — high risk of falling behind.', 'Low test score (<50) — significant knowledge gaps.', 'Moderate assignment submissions (5/10) — room to improve.']","['Attend every possible session immediately.', 'Revisit core concepts; consider seeking tutoring support.', 'Submit all remaining assignments; aim for >=8/10.']",Weak
69.2,51.6,6.8,Average,Unknown,Unknown,Average,99.6,0.2,61.92,"{'Weak': 0.2, 'Average': 99.6, 'Strong': 0.2}","{'attendance_contribution': 27.68, 'test_score_contribution': 20.64, 'assignment_submitted_contribution': 13.6}",[],"['Below-target attendance (60-74%).', 'Average test score (50-64) — needs improvement.', 'Moderate assignment submissions (6/10) — room to improve.']","['Aim for >=75% attendance to stay on track.', 'Practice past papers and revise weak topics regularly.', 'Submit all remaining assignments; aim for >=8/10.']",Average
47.7,57.0,8.7,Average,Unknown,Unknown,Average,99.7,0.1,59.28,"{'Weak': 0.1, 'Average': 99.7, 'Strong': 0.2}","{'attendance_contribution': 19.08, 'test_score_contribution': 22.8, 'assignment_submitted_contribution': 17.4}",['Good assignment submission rate (8/10).'],"['Critical attendance deficit (<60%) — high risk of falling behind.', 'Average test score (50-64) — needs improvement.']","['Attend every possible session immediately.', 'Practice past papers and revise weak topics regularly.']",Average
79.7,29.3,9.4,Average,Unknown,Unknown,Average,99.9,0.0,62.4,"{'Weak': 0.0, 'Average': 99.9, 'Strong': 0.1}","{'attendance_contribution': 31.88, 'test_score_contribution': 11.72, 'assignment_submitted_contribution': 18.8}","['Good attendance (75-89%) — keep it consistent.', 'Excellent assignment submission (9/10) — highly disciplined.']",['Low test score (<50) — significant knowledge gaps.'],['Revisit core concepts; consider seeking tutoring support.'],Average
70.4,22.6,2.8,Average,Unknown,Unknown,Average,99.5,0.4,42.8,"{'Weak': 0.4, 'Average': 99.5, 'Strong': 0.0}","{'attendance_contribution': 28.16, 'test_score_contribution': 9.04, 'assignment_submitted_contribution': 5.6}",[],"['Below-target attendance (60-74%).', 'Low test score (<50) — significant knowledge gaps.', 'Very few assignments submitted (2/10) — critical gap.']","['Aim for >=75% attendance to stay on track.', 'Revisit core concepts; consider seeking tutoring support.', 'Submit assignments immediately; this severely affects your overall performance.']",Average
40.0,27.0,5.8,Weak,Unknown,Unknown,Weak,95.7,95.7,38.4,"{'Weak': 95.7, 'Average': 4.3, 'Strong': 0.0}","{'attendance_contribution': 16.0, 'test_score_contribution': 10.8, 'assignment_submitted_contribution': 11.6}",[],"['Critical attendance deficit (<60%) — high risk of falling behind.', 'Low test score (<50) — significant knowledge gaps.', 'Moderate assignment submissions (5/10) — room to improve.']","['Attend every possible session immediately.', 'Revisit core concepts; consider seeking tutoring support.', 'Submit all remaining assignments; aim for >=8/10.']",Weak
90.9,41.0,8.5,Average,Unknown,Unknown,Average,99.8,0.0,69.76,"{'Weak': 0.0, 'Average': 99.8, 'Strong': 0.1}","{'attendance_contribution': 36.36, 'test_score_contribution': 16.4, 'assignment_submitted_contribution': 17.0}","['Outstanding attendance (>=90%) — excellent commitment.', 'Good assignment submission rate (8/10).']",['Low test score (<50) — significant knowledge gaps.'],['Revisit core concepts; consider seeking tutoring support.'],Average
78.6,18.7,3.7,Average,Unknown,Unknown,Average,99.8,0.1,46.32,"{'Weak': 0.1, 'Average': 99.8, 'Strong': 0.0}","{'attendance_contribution': 31.44, 'test_score_contribution': 7.48, 'assignment_submitted_contribution': 7.4}",['Good attendance (75-89%) — keep it consistent.'],"['Low test score (<50) — significant knowledge gaps.', 'Low assignment submissions (3/10) — impacting overall score.']","['Revisit core concepts; consider seeking tutoring support.', 'Prioritise assignments; create a submission schedule with deadlines.']",Average
34.3,95.3,5.0,Average,Unknown,Unknown,Average,97.6,0.1,61.84,"{'Weak': 0.1, 'Average': 97.6, 'Strong': 2.3}","{'attendance_contribution': 13.72, 'test_score_contribution': 38.12, 'assignment_submitted_contribution': 10.0}",['Excellent test scores (>=80) — strong conceptual grasp.'],"['Critical attendance deficit (<60%) — high risk of falling behind.', 'Moderate assignment submissions (5/10) — room to improve.']","['Attend every possible session immediately.', 'Submit all remaining assignments; aim for >=8/10.']",Average
42.8,46.4,9.9,Average,Unknown,Unknown,Average,100.0,0.0,55.48,"{'Weak': 0.0, 'Average': 100.0, 'Strong': 0.0}","{'attendance_contribution': 17.12, 'test_score_contribution': 18.56, 'assignment_submitted_contribution': 19.8}",['Excellent assignment submission (9/10) — highly disciplined.'],"['Critical attendance deficit (<60%) — high risk of falling behind.', 'Low test score (<50) — significant knowledge gaps.']","['Attend every possible session immediately.', 'Revisit core concepts; consider seeking tutoring support.']",Average
38.3,82.8,9.9,Average,Unknown,Unknown,Average,99.9,0.0,68.24,"{'Weak': 0.0, 'Average': 99.9, 'Strong': 0.1}","{'attendance_contribution': 15.32, 'test_score_contribution': 33.12, 'assignment_submitted_contribution': 19.8}","['Excellent test scores (>=80) — strong conceptual grasp.', 'Excellent assignment submission (9/10) — highly disciplined.']",['Critical attendance deficit (<60%) — high risk of falling behind.'],['Attend every possible session immediately.'],Average
24.2,97.7,9.2,Strong,Unknown,Unknown,Strong,97.8,0.0,67.16,"{'Weak': 0.0, 'Average': 2.1, 'Strong': 97.8}","{'attendance_contribution': 9.68, 'test_score_contribution': 39.08, 'assignment_submitted_contribution': 18.4}","['Excellent test scores (>=80) — strong conceptual grasp.', 'Excellent assignment submission (9/10) — highly disciplined.']",['Critical attendance deficit (<60%) — high risk of falling behind.'],['Attend every possible session immediately.'],Strong
23.3,17.3,8.2,Average,Unknown,Unknown,Average,99.5,0.5,32.64,"{'Weak': 0.5, 'Average': 99.5, 'Strong': 0.0}","{'attendance_contribution': 9.32, 'test_score_contribution': 6.92, 'assignment_submitted_contribution': 16.4}",['Good assignment submission rate (8/10).'],"['Critical attendance deficit (<60%) — high risk of falling behind.', 'Low test score (<50) — significant knowledge gaps.']","['Attend every possible session immediately.', 'Revisit core concepts; consider seeking tutoring support.']",Average
94.3,68.7,3.4,Average,Unknown,Unknown,Average,95.4,0.1,72.0,"{'Weak': 0.1, 'Average': 95.4, 'Strong': 4.5}","{'attendance_contribution': 37.72, 'test_score_contribution': 27.48, 'assignment_submitted_contribution': 6.8}","['Outstanding attendance (>=90%) — excellent commitment.', 'Above-average test performance (65-79).']",['Low assignment submissions (3/10) — impacting overall score.'],['Prioritise assignments; create a submission schedule with deadlines.'],Average
49.4,88.4,3.9,Average,Unknown,Unknown,Average,98.7,0.0,62.92,"{'Weak': 0.0, 'Average': 98.7, 'Strong': 1.2}","{'attendance_contribution': 19.76, 'test_score_contribution': 35.36, 'assignment_submitted_contribution': 7.8}",['Excellent test scores (>=80) — strong conceptual grasp.'],"['Critical attendance deficit (<60%) — high risk of falling behind.', 'Low assignment submissions (3/10) — impacting overall score.']","['Attend every possible session immediately.', 'Prioritise assignments; create a submission schedule with deadlines.']",Average
44.5,67.1,5.9,Average,Unknown,Unknown,Average,99.7,0.2,56.44,"{'Weak': 0.2, 'Average': 99.7, 'Strong': 0.1}","{'attendance_contribution': 17.8, 'test_score_contribution': 26.84, 'assignment_submitted_contribution': 11.8}",['Above-average test performance (65-79).'],"['Critical attendance deficit (<60%) — high risk of falling behind.', 'Moderate assignment submissions (5/10) — room to improve.']","['Attend every possible session immediately.', 'Submit all remaining assignments; aim for >=8/10.']",Average
75.7,48.6,6.0,Average,Unknown,Unknown,Average,99.9,0.1,61.72,"{'Weak': 0.1, 'Average': 99.9, 'Strong': 0.1}","{'attendance_contribution': 30.28, 'test_score_contribution': 19.44, 'assignment_submitted_contribution': 12.0}",['Good attendance (75-89%) — keep it consistent.'],"['Low test score (<50) — significant knowledge gaps.', 'Moderate assignment submissions (6/10) — room to improve.']","['Revisit core concepts; consider seeking tutoring support.', 'Submit all remaining assignments; aim for >=8/10.']",Average
59.8,48.8,5.6,Average,Unknown,Unknown,Average,99.7,0.2,54.64,"{'Weak': 0.2, 'Average': 99.7, 'Strong': 0.1}","{'attendance_contribution': 23.92, 'test_score_contribution': 19.52, 'assignment_submitted_contribution': 11.2}",[],"['Critical attendance deficit (<60%) — high risk of falling behind.', 'Low test score (<50) — significant knowledge gaps.', 'Moderate assignment submissions (5/10) — room to improve.']","['Attend every possible session immediately.', 'Revisit core concepts; consider seeking tutoring support.', 'Submit all remaining assignments; aim for >=8/10.']",Average
94.3,13.2,6.7,Average,Unknown,Unknown,Average,99.7,0.3,56.4,"{'Weak': 0.3, 'Average': 99.7, 'Strong': 0.0}","{'attendance_contribution': 37.72, 'test_score_contribution': 5.28, 'assignment_submitted_contribution': 13.4}",['Outstanding attendance (>=90%) — excellent commitment.'],"['Low test score (<50) — significant knowledge gaps.', 'Moderate assignment submissions (6/10) — room to improve.']","['Revisit core concepts; consider seeking tutoring support.', 'Submit all remaining assignments; aim for >=8/10.']",Average
80.2,58.1,4.7,Average,Unknown,Unknown,Average,99.2,0.1,64.72,"{'Weak': 0.1, 'Average': 99.2, 'Strong': 0.8}","{'attendance_contribution': 32.08, 'test_score_contribution': 23.24, 'assignment_submitted_contribution': 9.4}",['Good attendance (75-89%) — keep it consistent.'],"['Average test score (50-64) — needs improvement.', 'Low assignment submissions (4/10) — impacting overall score.']","['Practice past papers and revise weak topics regularly.', 'Prioritise assignments; create a submission schedule with deadlines.']",Average
53.1,99.4,7.7,Average,Unknown,Unknown,Average,98.1,0.1,76.4,"{'Weak': 0.1, 'Average': 98.1, 'Strong': 1.9}","{'attendance_contribution': 21.24, 'test_score_contribution': 39.76, 'assignment_submitted_contribution': 15.4}","['Excellent test scores (>=80) — strong conceptual grasp.', 'Good assignment submission rate (7/10).']",['Critical attendance deficit (<60%) — high risk of falling behind.'],['Attend every possible session immediately.'],Average
43.9,96.3,4.0,Average,Unknown,Unknown,Average,98.8,0.0,64.08,"{'Weak': 0.0, 'Average': 98.8, 'Strong': 1.1}","{'attendance_contribution': 17.56, 'test_score_contribution': 38.52, 'assignment_submitted_contribution': 8.0}",['Excellent test scores (>=80) — strong conceptual grasp.'],"['Critical attendance deficit (<60%) — high risk of falling behind.', 'Low assignment submissions (4/10) — impacting overall score.']","['Attend every possible session immediately.', 'Prioritise assignments; create a submission schedule with deadlines.']",Average
98.8,13.6,4.0,Average,Unknown,Unknown,Average,99.8,0.1,52.96,"{'Weak': 0.1, 'Average': 99.8, 'Strong': 0.1}","{'attendance_contribution': 39.52, 'test_score_contribution': 5.44, 'assignment_submitted_contribution': 8.0}",['Outstanding attendance (>=90%) — excellent commitment.'],"['Low test score (<50) — significant knowledge gaps.', 'Low assignment submissions (4/10) — impacting overall score.']","['Revisit core concepts; consider seeking tutoring support.', 'Prioritise assignments; create a submission schedule with deadlines.']",Average
74.6,73.5,2.2,Average,Unknown,Unknown,Average,99.5,0.2,63.64,"{'Weak': 0.2, 'Average': 99.5, 'Strong': 0.3}","{'attendance_contribution': 29.84, 'test_score_contribution': 29.4, 'assignment_submitted_contribution': 4.4}",['Above-average test performance (65-79).'],"['Below-target attendance (60-74%).', 'Very few assignments submitted (2/10) — critical gap.']","['Aim for >=75% attendance to stay on track.', 'Submit assignments immediately; this severely affects your overall performance.']",Average
95.6,37.2,2.7,Average,Unknown,Unknown,Average,99.5,0.4,58.52,"{'Weak': 0.4, 'Average': 99.5, 'Strong': 0.0}","{'attendance_contribution': 38.24, 'test_score_contribution': 14.88, 'assignment_submitted_contribution': 5.4}",['Outstanding attendance (>=90%) — excellent commitment.'],"['Low test score (<50) — significant knowledge gaps.', 'Very few assignments submitted (2/10) — critical gap.']","['Revisit core concepts; consider seeking tutoring support.', 'Submit assignments immediately; this severely affects your overall performance.']",Average
20.7,91.3,8.6,Average,Unknown,Unknown,Average,99.2,0.1,62.0,"{'Weak': 0.1, 'Average': 99.2, 'Strong': 0.6}","{'attendance_contribution': 8.28, 'test_score_contribution': 36.52, 'assignment_submitted_contribution': 17.2}","['Excellent test scores (>=80) — strong conceptual grasp.', 'Good assignment submission rate (8/10).']",['Critical attendance deficit (<60%) — high risk of falling behind.'],['Attend every possible session immediately.'],Average
86.5,14.1,5.0,Average,Unknown,Unknown,Average,99.8,0.1,50.24,"{'Weak': 0.1, 'Average': 99.8, 'Strong': 0.1}","{'attendance_contribution': 34.6, 'test_score_contribution': 5.64, 'assignment_submitted_contribution': 10.0}",['Good attendance (75-89%) — keep it consistent.'],"['Low test score (<50) — significant knowledge gaps.', 'Moderate assignment submissions (5/10) — room to improve.']","['Revisit core concepts; consider seeking tutoring support.', 'Submit all remaining assignments; aim for >=8/10.']",Average
67.3,94.2,3.0,Average,Unknown,Unknown,Average,95.5,0.1,70.6,"{'Weak': 0.1, 'Average': 95.5, 'Strong': 4.4}","{'attendance_contribution': 26.92, 'test_score_contribution': 37.68, 'assignment_submitted_contribution': 6.0}",['Excellent test scores (>=80) — strong conceptual grasp.'],"['Below-target attendance (60-74%).', 'Low assignment submissions (3/10) — impacting overall score.']","['Aim for >=75% attendance to stay on track.', 'Prioritise assignments; create a submission schedule with deadlines.']",Average
21.0,85.4,7.8,Average,Unknown,Unknown,Average,99.9,0.1,58.16,"{'Weak': 0.1, 'Average': 99.9, 'Strong': 0.0}","{'attendance_contribution': 8.4, 'test_score_contribution': 34.16, 'assignment_submitted_contribution': 15.6}","['Excellent test scores (>=80) — strong conceptual grasp.', 'Good assignment submission rate (7/10).']",['Critical attendance deficit (<60%) — high risk of falling behind.'],['Attend every possible session immediately.'],Average
62.9,20.6,6.0,Average,Unknown,Unknown,Average,97.5,2.2,45.4,"{'Weak': 2.2, 'Average': 97.5, 'Strong': 0.3}","{'attendance_contribution': 25.16, 'test_score_contribution': 8.24, 'assignment_submitted_contribution': 12.0}",[],"['Below-target attendance (60-74%).', 'Low test score (<50) — significant knowledge gaps.', 'Moderate assignment submissions (6/10) — room to improve.']","['Aim for >=75% attendance to stay on track.', 'Revisit core concepts; consider seeking tutoring support.', 'Submit all remaining assignments; aim for >=8/10.']",Average
71.7,15.4,1.2,Weak,Unknown,Unknown,Weak,97.0,97.0,37.24,"{'Weak': 97.0, 'Average': 3.0, 'Strong': 0.0}","{'attendance_contribution': 28.68, 'test_score_contribution': 6.16, 'assignment_submitted_contribution': 2.4}",[],"['Below-target attendance (60-74%).', 'Low test score (<50) — significant knowledge gaps.', 'Very few assignments submitted (1/10) — critical gap.']","['Aim for >=75% attendance to stay on track.', 'Revisit core concepts; consider seeking tutoring support.', 'Submit assignments immediately; this severely affects your overall performance.']",Weak
11.1,85.1,3.8,Average,Unknown,Unknown,Average,99.8,0.2,46.08,"{'Weak': 0.2, 'Average': 99.8, 'Strong': 0.1}","{'attendance_contribution': 4.44, 'test_score_contribution': 34.04, 'assignment_submitted_contribution': 7.6}",['Excellent test scores (>=80) — strong conceptual grasp.'],"['Critical attendance deficit (<60%) — high risk of falling behind.', 'Low assignment submissions (3/10) — impacting overall score.']","['Attend every possible session immediately.', 'Prioritise assignments; create a submission schedule with deadlines.']",Average
50.9,24.0,2.6,Average,Unknown,Unknown,Average,96.9,3.1,35.16,"{'Weak': 3.1, 'Average': 96.9, 'Strong': 0.0}","{'attendance_contribution': 20.36, 'test_score_contribution': 9.6, 'assignment_submitted_contribution': 5.2}",[],"['Critical attendance deficit (<60%) — high risk of falling behind.', 'Low test score (<50) — significant knowledge gaps.', 'Very few assignments submitted (2/10) — critical gap.']","['Attend every possible session immediately.', 'Revisit core concepts; consider seeking tutoring support.', 'Submit assignments immediately; this severely affects your overall performance.', 'All three core areas need urgent attention — consider speaking with an advisor.']",Average
84.3,58.1,6.9,Average,Unknown,Unknown,Average,97.0,0.2,70.76,"{'Weak': 0.2, 'Average': 97.0, 'Strong': 2.8}","{'attendance_contribution': 33.72, 'test_score_contribution': 23.24, 'assignment_submitted_contribution': 13.8}",['Good attendance (75-89%) — keep it consistent.'],"['Average test score (50-64) — needs improvement.', 'Moderate assignment submissions (6/10) — room to improve.']","['Practice past papers and revise weak topics regularly.', 'Submit all remaining assignments; aim for >=8/10.']",Average
36.6,92.4,3.5,Average,Unknown,Unknown,Average,99.1,0.2,58.6,"{'Weak': 0.2, 'Average': 99.1, 'Strong': 0.6}","{'attendance_contribution': 14.64, 'test_score_contribution': 36.96, 'assignment_submitted_contribution': 7.0}",['Excellent test scores (>=80) — strong conceptual grasp.'],"['Critical attendance deficit (<60%) — high risk of falling behind.', 'Low assignment submissions (3/10) — impacting overall score.']","['Attend every possible session immediately.', 'Prioritise assignments; create a submission schedule with deadlines.']",Average
51.3,61.1,1.6,Average,Unknown,Unknown,Average,97.7,2.3,48.16,"{'Weak': 2.3, 'Average': 97.7, 'Strong': 0.0}","{'attendance_contribution': 20.52, 'test_score_contribution': 24.44, 'assignment_submitted_contribution': 3.2}",[],"['Critical attendance deficit (<60%) — high risk of falling behind.', 'Average test score (50-64) — needs improvement.', 'Very few assignments submitted (1/10) — critical gap.']","['Attend every possible session immediately.', 'Practice past papers and revise weak topics regularly.', 'Submit assignments immediately; this severely affects your overall performance.']",Average
49.8,45.8,1.5,Average,Unknown,Unknown,Average,97.8,2.2,41.24,"{'Weak': 2.2, 'Average': 97.8, 'Strong': 0.0}","{'attendance_contribution': 19.92, 'test_score_contribution': 18.32, 'assignment_submitted_contribution': 3.0}",[],"['Critical attendance deficit (<60%) — high risk of falling behind.', 'Low test score (<50) — significant knowledge gaps.', 'Very few assignments submitted (1/10) — critical gap.']","['Attend every possible session immediately.', 'Revisit core concepts; consider seeking tutoring support.', 'Submit assignments immediately; this severely affects your overall performance.', 'All three core areas need urgent attention — consider speaking with an advisor.']",Average
37.2,50.1,6.2,Average,Unknown,Unknown,Average,97.9,2.0,47.32,"{'Weak': 2.0, 'Average': 97.9, 'Strong': 0.1}","{'attendance_contribution': 14.88, 'test_score_contribution': 20.04, 'assignment_submitted_contribution': 12.4}",[],"['Critical attendance deficit (<60%) — high risk of falling behind.', 'Average test score (50-64) — needs improvement.', 'Moderate assignment submissions (6/10) — room to improve.']","['Attend every possible session immediately.', 'Practice past papers and revise weak topics regularly.', 'Submit all remaining assignments; aim for >=8/10.']",Average
92.7,15.7,1.2,Average,Unknown,Unknown,Average,98.1,1.8,45.76,"{'Weak': 1.8, 'Average': 98.1, 'Strong': 0.0}","{'attendance_contribution': 37.08, 'test_score_contribution': 6.28, 'assignment_submitted_contribution': 2.4}",['Outstanding attendance (>=90%) — excellent commitment.'],"['Low test score (<50) — significant knowledge gaps.', 'Very few assignments submitted (1/10) — critical gap.']","['Revisit core concepts; consider seeking tutoring support.', 'Submit assignments immediately; this severely affects your overall performance.']",Average
80.3,97.2,8.6,Average,Unknown,Unknown,Average,96.0,0.0,88.2,"{'Weak': 0.0, 'Average': 96.0, 'Strong': 4.0}","{'attendance_contribution': 32.12, 'test_score_contribution': 38.88, 'assignment_submitted_contribution': 17.2}","['Good attendance (75-89%) — keep it consistent.', 'Excellent test scores (>=80) — strong conceptual grasp.', 'Good assignment submission rate (8/10).']",[],['Performing well across all areas — maintain consistency!'],Average
20.0,38.0,2.4,Weak,Unknown,Unknown,Weak,99.6,99.6,28.0,"{'Weak': 99.6, 'Average': 0.4, 'Strong': 0.0}","{'attendance_contribution': 8.0, 'test_score_contribution': 15.2, 'assignment_submitted_contribution': 4.8}",[],"['Critical attendance deficit (<60%) — high risk of falling behind.', 'Low test score (<50) — significant knowledge gaps.', 'Very few assignments submitted (2/10) — critical gap.']","['Attend every possible session immediately.', 'Revisit core concepts; consider seeking tutoring support.', 'Submit assignments immediately; this severely affects your overall performance.', 'All three core areas need urgent attention — consider speaking with an advisor.']",Weak
99.7,27.0,6.5,Average,Unknown,Unknown,Average,99.5,0.4,63.68,"{'Weak': 0.4, 'Average': 99.5, 'Strong': 0.1}","{'attendance_contribution': 39.88, 'test_score_contribution': 10.8, 'assignment_submitted_contribution': 13.0}",['Outstanding attendance (>=90%) — excellent commitment.'],"['Low test score (<50) — significant knowledge gaps.', 'Moderate assignment submissions (6/10) — room to improve.']","['Revisit core concepts; consider seeking tutoring support.', 'Submit all remaining assignments; aim for >=8/10.']",Average
89.1,35.7,5.0,Average,Unknown,Unknown,Average,99.8,0.1,59.92,"{'Weak': 0.1, 'Average': 99.8, 'Strong': 0.1}","{'attendance_contribution': 35.64, 'test_score_contribution': 14.28, 'assignment_submitted_contribution': 10.0}",['Good attendance (75-89%) — keep it consistent.'],"['Low test score (<50) — significant knowledge gaps.', 'Moderate assignment submissions (5/10) — room to improve.']","['Revisit core concepts; consider seeking tutoring support.', 'Submit all remaining assignments; aim for >=8/10.']",Average
35.6,96.8,5.0,Average,Unknown,Unknown,Average,99.3,0.1,62.96,"{'Weak': 0.1, 'Average': 99.3, 'Strong': 0.6}","{'attendance_contribution': 14.24, 'test_score_contribution': 38.72, 'assignment_submitted_contribution': 10.0}",['Excellent test scores (>=80) — strong conceptual grasp.'],"['Critical attendance deficit (<60%) — high risk of falling behind.', 'Moderate assignment submissions (5/10) — room to improve.']","['Attend every possible session immediately.', 'Submit all remaining assignments; aim for >=8/10.']",Average
85.3,18.5,1.6,Weak,Unknown,Unknown,Weak,96.9,96.9,44.72,"{'Weak': 96.9, 'Average': 3.1, 'Strong': 0.0}","{'attendance_contribution': 34.12, 'test_score_contribution': 7.4, 'assignment_submitted_contribution': 3.2}",['Good attendance (75-89%) — keep it consistent.'],"['Low test score (<50) — significant knowledge gaps.', 'Very few assignments submitted (1/10) — critical gap.']","['Revisit core concepts; consider seeking tutoring support.', 'Submit assignments immediately; this severely affects your overall performance.']",Weak
19.6,88.1,8.2,Average,Unknown,Unknown,Average,99.7,0.1,59.48,"{'Weak': 0.1, 'Average': 99.7, 'Strong': 0.2}","{'attendance_contribution': 7.84, 'test_score_contribution': 35.24, 'assignment_submitted_contribution': 16.4}","['Excellent test scores (>=80) — strong conceptual grasp.', 'Good assignment submission rate (8/10).']",['Critical attendance deficit (<60%) — high risk of falling behind.'],['Attend every possible session immediately.'],Average
99.9,73.7,9.0,Strong,Unknown,Unknown,Strong,99.9,0.0,87.44,"{'Weak': 0.0, 'Average': 0.0, 'Strong': 99.9}","{'attendance_contribution': 39.96, 'test_score_contribution': 29.48, 'assignment_submitted_contribution': 18.0}","['Outstanding attendance (>=90%) — excellent commitment.', 'Above-average test performance (65-79).', 'Excellent assignment submission (9/10) — highly disciplined.']",[],['Performing well across all areas — maintain consistency!'],Strong
69.9,84.7,1.1,Average,Unknown,Unknown,Average,99.8,0.1,64.04,"{'Weak': 0.1, 'Average': 99.8, 'Strong': 0.1}","{'attendance_contribution': 27.96, 'test_score_contribution': 33.88, 'assignment_submitted_contribution': 2.2}",['Excellent test scores (>=80) — strong conceptual grasp.'],"['Below-target attendance (60-74%).', 'Very few assignments submitted (1/10) — critical gap.']","['Aim for >=75% attendance to stay on track.', 'Submit assignments immediately; this severely affects your overall performance.']",Average
68.5,97.8,2.6,Strong,Unknown,Unknown,Strong,95.8,0.0,71.72,"{'Weak': 0.0, 'Average': 4.2, 'Strong': 95.8}","{'attendance_contribution': 27.4, 'test_score_contribution': 39.12, 'assignment_submitted_contribution': 5.2}",['Excellent test scores (>=80) — strong conceptual grasp.'],"['Below-target attendance (60-74%).', 'Very few assignments submitted (2/10) — critical gap.']","['Aim for >=75% attendance to stay on track.', 'Submit assignments immediately; this severely affects your overall performance.']",Strong
18.1,85.8,9.1,Average,Unknown,Unknown,Average,99.7,0.1,59.76,"{'Weak': 0.1, 'Average': 99.7, 'Strong': 0.2}","{'attendance_contribution': 7.24, 'test_score_contribution': 34.32, 'assignment_submitted_contribution': 18.2}","['Excellent test scores (>=80) — strong conceptual grasp.', 'Excellent assignment submission (9/10) — highly disciplined.']",['Critical attendance deficit (<60%) — high risk of falling behind.'],['Attend every possible session immediately.'],Average
90.7,94.9,6.0,Strong,Unknown,Unknown,Strong,99.9,0.0,86.24,"{'Weak': 0.0, 'Average': 0.1, 'Strong': 99.9}","{'attendance_contribution': 36.28, 'test_score_contribution': 37.96, 'assignment_submitted_contribution': 12.0}","['Outstanding attendance (>=90%) — excellent commitment.', 'Excellent test scores (>=80) — strong conceptual grasp.']",['Moderate assignment submissions (6/10) — room to improve.'],['Submit all remaining assignments; aim for >=8/10.'],Strong
12.6,21.4,2.4,Weak,Unknown,Unknown,Weak,100.0,100.0,18.4,"{'Weak': 100.0, 'Average': 0.0, 'Strong': 0.0}","{'attendance_contribution': 5.04, 'test_score_contribution': 8.56, 'assignment_submitted_contribution': 4.8}",[],"['Critical attendance deficit (<60%) — high risk of falling behind.', 'Low test score (<50) — significant knowledge gaps.', 'Very few assignments submitted (2/10) — critical gap.']","['Attend every possible session immediately.', 'Revisit core concepts; consider seeking tutoring support.', 'Submit assignments immediately; this severely affects your overall performance.', 'All three core areas need urgent attention — consider speaking with an advisor.']",Weak
31.7,81.6,2.8,Average,Unknown,Unknown,Average,99.9,0.1,50.92,"{'Weak': 0.1, 'Average': 99.9, 'Strong': 0.0}","{'attendance_contribution': 12.68, 'test_score_contribution': 32.64, 'assignment_submitted_contribution': 5.6}",['Excellent test scores (>=80) — strong conceptual grasp.'],"['Critical attendance deficit (<60%) — high risk of falling behind.', 'Very few assignments submitted (2/10) — critical gap.']","['Attend every possible session immediately.', 'Submit assignments immediately; this severely affects your overall performance.']",Average
22.9,59.1,6.9,Weak,Unknown,Unknown,Weak,94.9,94.9,46.6,"{'Weak': 94.9, 'Average': 5.1, 'Strong': 0.0}","{'attendance_contribution': 9.16, 'test_score_contribution': 23.64, 'assignment_submitted_contribution': 13.8}",[],"['Critical attendance deficit (<60%) — high risk of falling behind.', 'Average test score (50-64) — needs improvement.', 'Moderate assignment submissions (6/10) — room to improve.']","['Attend every possible session immediately.', 'Practice past papers and revise weak topics regularly.', 'Submit all remaining assignments; aim for >=8/10.']",Weak
79.9,58.9,7.5,Average,Unknown,Unknown,Average,99.7,0.1,70.52,"{'Weak': 0.1, 'Average': 99.7, 'Strong': 0.3}","{'attendance_contribution': 31.96, 'test_score_contribution': 23.56, 'assignment_submitted_contribution': 15.0}","['Good attendance (75-89%) — keep it consistent.', 'Good assignment submission rate (7/10).']",['Average test score (50-64) — needs improvement.'],['Practice past papers and revise weak topics regularly.'],Average
27.8,90.9,6.4,Average,Unknown,Unknown,Average,99.6,0.2,60.28,"{'Weak': 0.2, 'Average': 99.6, 'Strong': 0.1}","{'attendance_contribution': 11.12, 'test_score_contribution': 36.36, 'assignment_submitted_contribution': 12.8}",['Excellent test scores (>=80) — strong conceptual grasp.'],"['Critical attendance deficit (<60%) — high risk of falling behind.', 'Moderate assignment submissions (6/10) — room to improve.']","['Attend every possible session immediately.', 'Submit all remaining assignments; aim for >=8/10.']",Average
92.0,97.5,9.6,Strong,Unknown,Unknown,Strong,99.8,0.0,95.0,"{'Weak': 0.0, 'Average': 0.2, 'Strong': 99.8}","{'attendance_contribution': 36.8, 'test_score_contribution': 39.0, 'assignment_submitted_contribution': 19.2}","['Outstanding attendance (>=90%) — excellent commitment.', 'Excellent test scores (>=80) — strong conceptual grasp.', 'Excellent assignment submission (9/10) — highly disciplined.']",[],['Performing well across all areas — maintain consistency!'],Strong
69.1,73.4,5.4,Average,Unknown,Unknown,Average,98.1,0.0,67.8,"{'Weak': 0.0, 'Average': 98.1, 'Strong': 1.9}","{'attendance_contribution': 27.64, 'test_score_contribution': 29.36, 'assignment_submitted_contribution': 10.8}",['Above-average test performance (65-79).'],"['Below-target attendance (60-74%).', 'Moderate assignment submissions (5/10) — room to improve.']","['Aim for >=75% attendance to stay on track.', 'Submit all remaining assignments; aim for >=8/10.']",Average
13.3,53.5,3.7,Average,Unknown,Unknown,Average,96.7,3.2,34.12,"{'Weak': 3.2, 'Average': 96.7, 'Strong': 0.0}","{'attendance_contribution': 5.32, 'test_score_contribution': 21.4, 'assignment_submitted_contribution': 7.4}",[],"['Critical attendance deficit (<60%) — high risk of falling behind.', 'Average test score (50-64) — needs improvement.', 'Low assignment submissions (3/10) — impacting overall score.']","['Attend every possible session immediately.', 'Practice past papers and revise weak topics regularly.', 'Prioritise assignments; create a submission schedule with deadlines.']",Average
10.5,51.1,5.3,Average,Unknown,Unknown,Average,98.1,1.8,35.24,"{'Weak': 1.8, 'Average': 98.1, 'Strong': 0.0}","{'attendance_contribution': 4.2, 'test_score_contribution': 20.44, 'assignment_submitted_contribution': 10.6}",[],"['Critical attendance deficit (<60%) — high risk of falling behind.', 'Average test score (50-64) — needs improvement.', 'Moderate assignment submissions (5/10) — room to improve.']","['Attend every possible session immediately.', 'Practice past papers and revise weak topics regularly.', 'Submit all remaining assignments; aim for >=8/10.']",Average
14.6,44.8,4.2,Average,Unknown,Unknown,Average,98.6,1.3,32.16,"{'Weak': 1.3, 'Average': 98.6, 'Strong': 0.0}","{'attendance_contribution': 5.84, 'test_score_contribution': 17.92, 'assignment_submitted_contribution': 8.4}",[],"['Critical attendance deficit (<60%) — high risk of falling behind.', 'Low test score (<50) — significant knowledge gaps.', 'Low assignment submissions (4/10) — impacting overall score.']","['Attend every possible session immediately.', 'Revisit core concepts; consider seeking tutoring support.', 'Prioritise assignments; create a submission schedule with deadlines.', 'All three core areas need urgent attention — consider speaking with an advisor.']",Average
64.5,42.5,3.0,Average,Unknown,Unknown,Average,99.1,0.9,48.8,"{'Weak': 0.9, 'Average': 99.1, 'Strong': 0.0}","{'attendance_contribution': 25.8, 'test_score_contribution': 17.0, 'assignment_submitted_contribution': 6.0}",[],"['Below-target attendance (60-74%).', 'Low test score (<50) — significant knowledge gaps.', 'Low assignment submissions (3/10) — impacting overall score.']","['Aim for >=75% attendance to stay on track.', 'Revisit core concepts; consider seeking tutoring support.', 'Prioritise assignments; create a submission schedule with deadlines.']",Average
82.1,45.2,1.4,Average,Unknown,Unknown,Average,99.2,0.8,53.72,"{'Weak': 0.8, 'Average': 99.2, 'Strong': 0.0}","{'attendance_contribution': 32.84, 'test_score_contribution': 18.08, 'assignment_submitted_contribution': 2.8}",['Good attendance (75-89%) — keep it consistent.'],"['Low test score (<50) — significant knowledge gaps.', 'Very few assignments submitted (1/10) — critical gap.']","['Revisit core concepts; consider seeking tutoring support.', 'Submit assignments immediately; this severely affects your overall performance.']",Average
31.5,18.1,4.2,Weak,Unknown,Unknown,Weak,92.9,92.9,28.24,"{'Weak': 92.9, 'Average': 7.1, 'Strong': 0.0}","{'attendance_contribution': 12.6, 'test_score_contribution': 7.24, 'assignment_submitted_contribution': 8.4}",[],"['Critical attendance deficit (<60%) — high risk of falling behind.', 'Low test score (<50) — significant knowledge gaps.', 'Low assignment submissions (4/10) — impacting overall score.']","['Attend every possible session immediately.', 'Revisit core concepts; consider seeking tutoring support.', 'Prioritise assignments; create a submission schedule with deadlines.', 'All three core areas need urgent attention — consider speaking with an advisor.']",Weak
86.4,17.0,7.4,Average,Unknown,Unknown,Average,99.6,0.3,56.16,"{'Weak': 0.3, 'Average': 99.6, 'Strong': 0.1}","{'attendance_contribution': 34.56, 'test_score_contribution': 6.8, 'assignment_submitted_contribution': 14.8}","['Good attendance (75-89%) — keep it consistent.', 'Good assignment submission rate (7/10).']",['Low test score (<50) — significant knowledge gaps.'],['Revisit core concepts; consider seeking tutoring support.'],Average
15.2,80.2,1.2,Average,Unknown,Unknown,Average,99.8,0.2,40.56,"{'Weak': 0.2, 'Average': 99.8, 'Strong': 0.0}","{'attendance_contribution': 6.08, 'test_score_contribution': 32.08, 'assignment_submitted_contribution': 2.4}",['Excellent test scores (>=80) — strong conceptual grasp.'],"['Critical attendance deficit (<60%) — high risk of falling behind.', 'Very few assignments submitted (1/10) — critical gap.']","['Attend every possible session immediately.', 'Submit assignments immediately; this severely affects your overall performance.']",Average
82.1,50.1,5.0,Average,Unknown,Unknown,Average,99.8,0.0,62.88,"{'Weak': 0.0, 'Average': 99.8, 'Strong': 0.2}","{'attendance_contribution': 32.84, 'test_score_contribution': 20.04, 'assignment_submitted_contribution': 10.0}",['Good attendance (75-89%) — keep it consistent.'],"['Average test score (50-64) — needs improvement.', 'Moderate assignment submissions (5/10) — room to improve.']","['Practice past papers and revise weak topics regularly.', 'Submit all remaining assignments; aim for >=8/10.']",Average
93.5,93.8,6.8,Strong,Unknown,Unknown,Strong,99.8,0.0,88.52,"{'Weak': 0.0, 'Average': 0.2, 'Strong': 99.8}","{'attendance_contribution': 37.4, 'test_score_contribution': 37.52, 'assignment_submitted_contribution': 13.6}","['Outstanding attendance (>=90%) — excellent commitment.', 'Excellent test scores (>=80) — strong conceptual grasp.']",['Moderate assignment submissions (6/10) — room to improve.'],['Submit all remaining assignments; aim for >=8/10.'],Strong
79.5,65.1,6.5,Average,Unknown,Unknown,Average,97.3,0.1,70.84,"{'Weak': 0.1, 'Average': 97.3, 'Strong': 2.6}","{'attendance_contribution': 31.8, 'test_score_contribution': 26.04, 'assignment_submitted_contribution': 13.0}","['Good attendance (75-89%) — keep it consistent.', 'Above-average test performance (65-79).']",['Moderate assignment submissions (6/10) — room to improve.'],['Submit all remaining assignments; aim for >=8/10.'],Average
72.8,13.2,8.0,Average,Unknown,Unknown,Average,99.5,0.5,50.4,"{'Weak': 0.5, 'Average': 99.5, 'Strong': 0.0}","{'attendance_contribution': 29.12, 'test_score_contribution': 5.28, 'assignment_submitted_contribution': 16.0}",['Good assignment submission rate (8/10).'],"['Below-target attendance (60-74%).', 'Low test score (<50) — significant knowledge gaps.']","['Aim for >=75% attendance to stay on track.', 'Revisit core concepts; consider seeking tutoring support.']",Average
85.4,24.2,8.3,Average,Unknown,Unknown,Average,99.6,0.2,60.44,"{'Weak': 0.2, 'Average': 99.6, 'Strong': 0.2}","{'attendance_contribution': 34.16, 'test_score_contribution': 9.68, 'assignment_submitted_contribution': 16.6}","['Good attendance (75-89%) — keep it consistent.', 'Good assignment submission rate (8/10).']",['Low test score (<50) — significant knowledge gaps.'],['Revisit core concepts; consider seeking tutoring support.'],Average
13.6,28.5,7.4,Average,Unknown,Unknown,Average,98.6,1.4,31.64,"{'Weak': 1.4, 'Average': 98.6, 'Strong': 0.0}","{'attendance_contribution': 5.44, 'test_score_contribution': 11.4, 'assignment_submitted_contribution': 14.8}",['Good assignment submission rate (7/10).'],"['Critical attendance deficit (<60%) — high risk of falling behind.', 'Low test score (<50) — significant knowledge gaps.']","['Attend every possible session immediately.', 'Revisit core concepts; consider seeking tutoring support.']",Average
28.2,97.8,1.9,Average,Unknown,Unknown,Average,99.9,0.1,54.2,"{'Weak': 0.1, 'Average': 99.9, 'Strong': 0.1}","{'attendance_contribution': 11.28, 'test_score_contribution': 39.12, 'assignment_submitted_contribution': 3.8}",['Excellent test scores (>=80) — strong conceptual grasp.'],"['Critical attendance deficit (<60%) — high risk of falling behind.', 'Very few assignments submitted (1/10) — critical gap.']","['Attend every possible session immediately.', 'Submit assignments immediately; this severely affects your overall performance.']",Average
21.2,29.7,5.3,Average,Unknown,Unknown,Average,99.1,0.9,30.96,"{'Weak': 0.9, 'Average': 99.1, 'Strong': 0.0}","{'attendance_contribution': 8.48, 'test_score_contribution': 11.88, 'assignment_submitted_contribution': 10.6}",[],"['Critical attendance deficit (<60%) — high risk of falling behind.', 'Low test score (<50) — significant knowledge gaps.', 'Moderate assignment submissions (5/10) — room to improve.']","['Attend every possible session immediately.', 'Revisit core concepts; consider seeking tutoring support.', 'Submit all remaining assignments; aim for >=8/10.']",Average
55.4,56.4,6.4,Average,Unknown,Unknown,Average,99.2,0.7,57.52,"{'Weak': 0.7, 'Average': 99.2, 'Strong': 0.1}","{'attendance_contribution': 22.16, 'test_score_contribution': 22.56, 'assignment_submitted_contribution': 12.8}",[],"['Critical attendance deficit (<60%) — high risk of falling behind.', 'Average test score (50-64) — needs improvement.', 'Moderate assignment submissions (6/10) — room to improve.']","['Attend every possible session immediately.', 'Practice past papers and revise weak topics regularly.', 'Submit all remaining assignments; aim for >=8/10.']",Average
77.1,94.3,3.2,Strong,Unknown,Unknown,Strong,96.9,0.0,74.96,"{'Weak': 0.0, 'Average': 3.0, 'Strong': 96.9}","{'attendance_contribution': 30.84, 'test_score_contribution': 37.72, 'assignment_submitted_contribution': 6.4}","['Good attendance (75-89%) — keep it consistent.', 'Excellent test scores (>=80) — strong conceptual grasp.']",['Low assignment submissions (3/10) — impacting overall score.'],['Prioritise assignments; create a submission schedule with deadlines.'],Strong
66.7,97.9,1.4,Average,Unknown,Unknown,Average,99.0,0.1,68.64,"{'Weak': 0.1, 'Average': 99.0, 'Strong': 0.9}","{'attendance_contribution': 26.68, 'test_score_contribution': 39.16, 'assignment_submitted_contribution': 2.8}",['Excellent test scores (>=80) — strong conceptual grasp.'],"['Below-target attendance (60-74%).', 'Very few assignments submitted (1/10) — critical gap.']","['Aim for >=75% attendance to stay on track.', 'Submit assignments immediately; this severely affects your overall performance.']",Average
86.6,31.3,3.0,Average,Unknown,Unknown,Average,99.8,0.1,53.16,"{'Weak': 0.1, 'Average': 99.8, 'Strong': 0.0}","{'attendance_contribution': 34.64, 'test_score_contribution': 12.52, 'assignment_submitted_contribution': 6.0}",['Good attendance (75-89%) — keep it consistent.'],"['Low test score (<50) — significant knowledge gaps.', 'Low assignment submissions (3/10) — impacting overall score.']","['Revisit core concepts; consider seeking tutoring support.', 'Prioritise assignments; create a submission schedule with deadlines.']",Average
24.0,14.4,5.1,Average,Unknown,Unknown,Average,98.1,1.9,25.56,"{'Weak': 1.9, 'Average': 98.1, 'Strong': 0.0}","{'attendance_contribution': 9.6, 'test_score_contribution': 5.76, 'assignment_submitted_contribution': 10.2}",[],"['Critical attendance deficit (<60%) — high risk of falling behind.', 'Low test score (<50) — significant knowledge gaps.', 'Moderate assignment submissions (5/10) — room to improve.']","['Attend every possible session immediately.', 'Revisit core concepts; consider seeking tutoring support.', 'Submit all remaining assignments; aim for >=8/10.']",Average
76.1,23.8,4.7,Average,Unknown,Unknown,Average,99.8,0.2,49.36,"{'Weak': 0.2, 'Average': 99.8, 'Strong': 0.0}","{'attendance_contribution': 30.44, 'test_score_contribution': 9.52, 'assignment_submitted_contribution': 9.4}",['Good attendance (75-89%) — keep it consistent.'],"['Low test score (<50) — significant knowledge gaps.', 'Low assignment submissions (4/10) — impacting overall score.']","['Revisit core concepts; consider seeking tutoring support.', 'Prioritise assignments; create a submission schedule with deadlines.']",Average
27.4,15.7,2.6,Weak,Unknown,Unknown,Weak,96.3,96.3,22.44,"{'Weak': 96.3, 'Average': 3.7, 'Strong': 0.0}","{'attendance_contribution': 10.96, 'test_score_contribution': 6.28, 'assignment_submitted_contribution': 5.2}",[],"['Critical attendance deficit (<60%) — high risk of falling behind.', 'Low test score (<50) — significant knowledge gaps.', 'Very few assignments submitted (2/10) — critical gap.']","['Attend every possible session immediately.', 'Revisit core concepts; consider seeking tutoring support.', 'Submit assignments immediately; this severely affects your overall performance.', 'All three core areas need urgent attention — consider speaking with an advisor.']",Weak
34.4,27.6,8.4,Average,Unknown,Unknown,Average,99.9,0.1,41.6,"{'Weak': 0.1, 'Average': 99.9, 'Strong': 0.0}","{'attendance_contribution': 13.76, 'test_score_contribution': 11.04, 'assignment_submitted_contribution': 16.8}",['Good assignment submission rate (8/10).'],"['Critical attendance deficit (<60%) — high risk of falling behind.', 'Low test score (<50) — significant knowledge gaps.']","['Attend every possible session immediately.', 'Revisit core concepts; consider seeking tutoring support.']",Average
73.9,61.2,9.3,Average,Unknown,Unknown,Average,99.0,0.0,72.64,"{'Weak': 0.0, 'Average': 99.0, 'Strong': 0.9}","{'attendance_contribution': 29.56, 'test_score_contribution': 24.48, 'assignment_submitted_contribution': 18.6}",['Excellent assignment submission (9/10) — highly disciplined.'],"['Below-target attendance (60-74%).', 'Average test score (50-64) — needs improvement.']","['Aim for >=75% attendance to stay on track.', 'Practice past papers and revise weak topics regularly.']",Average
98.2,92.1,2.8,Strong,Unknown,Unknown,Strong,99.5,0.0,81.72,"{'Weak': 0.0, 'Average': 0.5, 'Strong': 99.5}","{'attendance_contribution': 39.28, 'test_score_contribution': 36.84, 'assignment_submitted_contribution': 5.6}","['Outstanding attendance (>=90%) — excellent commitment.', 'Excellent test scores (>=80) — strong conceptual grasp.']",['Very few assignments submitted (2/10) — critical gap.'],['Submit assignments immediately; this severely affects your overall performance.'],Strong
65.0,58.3,9.4,Strong,Unknown,Unknown,Strong,92.5,0.0,68.12,"{'Weak': 0.0, 'Average': 7.5, 'Strong': 92.5}","{'attendance_contribution': 26.0, 'test_score_contribution': 23.32, 'assignment_submitted_contribution': 18.8}",['Excellent assignment submission (9/10) — highly disciplined.'],"['Below-target attendance (60-74%).', 'Average test score (50-64) — needs improvement.']","['Aim for >=75% attendance to stay on track.', 'Practice past papers and revise weak topics regularly.']",Strong
14.9,66.3,1.2,Average,Unknown,Unknown,Average,99.4,0.6,34.88,"{'Weak': 0.6, 'Average': 99.4, 'Strong': 0.0}","{'attendance_contribution': 5.96, 'test_score_contribution': 26.52, 'assignment_submitted_contribution': 2.4}",['Above-average test performance (65-79).'],"['Critical attendance deficit (<60%) — high risk of falling behind.', 'Very few assignments submitted (1/10) — critical gap.']","['Attend every possible session immediately.', 'Submit assignments immediately; this severely affects your overall performance.']",Average
65.5,28.2,9.3,Average,Unknown,Unknown,Average,99.8,0.0,56.08,"{'Weak': 0.0, 'Average': 99.8, 'Strong': 0.2}","{'attendance_contribution': 26.2, 'test_score_contribution': 11.28, 'assignment_submitted_contribution': 18.6}",['Excellent assignment submission (9/10) — highly disciplined.'],"['Below-target attendance (60-74%).', 'Low test score (<50) — significant knowledge gaps.']","['Aim for >=75% attendance to stay on track.', 'Revisit core concepts; consider seeking tutoring support.']",Average
13.8,82.1,9.6,Average,Unknown,Unknown,Average,99.8,0.1,57.56,"{'Weak': 0.1, 'Average': 99.8, 'Strong': 0.1}","{'attendance_contribution': 5.52, 'test_score_contribution': 32.84, 'assignment_submitted_contribution': 19.2}","['Excellent test scores (>=80) — strong conceptual grasp.', 'Excellent assignment submission (9/10) — highly disciplined.']",['Critical attendance deficit (<60%) — high risk of falling behind.'],['Attend every possible session immediately.'],Average
89.6,65.6,1.1,Average,Unknown,Unknown,Average,99.0,0.3,64.28,"{'Weak': 0.3, 'Average': 99.0, 'Strong': 0.7}","{'attendance_contribution': 35.84, 'test_score_contribution': 26.24, 'assignment_submitted_contribution': 2.2}","['Good attendance (75-89%) — keep it consistent.', 'Above-average test performance (65-79).']",['Very few assignments submitted (1/10) — critical gap.'],['Submit assignments immediately; this severely affects your overall performance.'],Average
73.9,87.8,7.9,Average,Unknown,Unknown,Average,97.4,0.0,80.48,"{'Weak': 0.0, 'Average': 97.4, 'Strong': 2.6}","{'attendance_contribution': 29.56, 'test_score_contribution': 35.12, 'assignment_submitted_contribution': 15.8}","['Excellent test scores (>=80) — strong conceptual grasp.', 'Good assignment submission rate (7/10).']",['Below-target attendance (60-74%).'],['Aim for >=75% attendance to stay on track.'],Average
25.6,95.4,9.7,Average,Unknown,Unknown,Average,99.0,0.1,67.8,"{'Weak': 0.1, 'Average': 99.0, 'Strong': 0.9}","{'attendance_contribution': 10.24, 'test_score_contribution': 38.16, 'assignment_submitted_contribution': 19.4}","['Excellent test scores (>=80) — strong conceptual grasp.', 'Excellent assignment submission (9/10) — highly disciplined.']",['Critical attendance deficit (<60%) — high risk of falling behind.'],['Attend every possible session immediately.'],Average
18.3,41.3,9.2,Average,Unknown,Unknown,Average,99.2,0.7,42.24,"{'Weak': 0.7, 'Average': 99.2, 'Strong': 0.0}","{'attendance_contribution': 7.32, 'test_score_contribution': 16.52, 'assignment_submitted_contribution': 18.4}",['Excellent assignment submission (9/10) — highly disciplined.'],"['Critical attendance deficit (<60%) — high risk of falling behind.', 'Low test score (<50) — significant knowledge gaps.']","['Attend every possible session immediately.', 'Revisit core concepts; consider seeking tutoring support.']",Average
26.5,18.2,9.7,Average,Unknown,Unknown,Average,98.8,1.1,37.28,"{'Weak': 1.1, 'Average': 98.8, 'Strong': 0.0}","{'attendance_contribution': 10.6, 'test_score_contribution': 7.28, 'assignment_submitted_contribution': 19.4}",['Excellent assignment submission (9/10) — highly disciplined.'],"['Critical attendance deficit (<60%) — high risk of falling behind.', 'Low test score (<50) — significant knowledge gaps.']","['Attend every possible session immediately.', 'Revisit core concepts; consider seeking tutoring support.']",Average
98.2,30.3,6.0,Average,Unknown,Unknown,Average,99.9,0.1,63.4,"{'Weak': 0.1, 'Average': 99.9, 'Strong': 0.1}","{'attendance_contribution': 39.28, 'test_score_contribution': 12.12, 'assignment_submitted_contribution': 12.0}",['Outstanding attendance (>=90%) — excellent commitment.'],"['Low test score (<50) — significant knowledge gaps.', 'Moderate assignment submissions (6/10) — room to improve.']","['Revisit core concepts; consider seeking tutoring support.', 'Submit all remaining assignments; aim for >=8/10.']",Average
51.3,49.4,1.7,Average,Unknown,Unknown,Average,99.4,0.6,43.68,"{'Weak': 0.6, 'Average': 99.4, 'Strong': 0.0}","{'attendance_contribution': 20.52, 'test_score_contribution': 19.76, 'assignment_submitted_contribution': 3.4}",[],"['Critical attendance deficit (<60%) — high risk of falling behind.', 'Low test score (<50) — significant knowledge gaps.', 'Very few assignments submitted (1/10) — critical gap.']","['Attend every possible session immediately.', 'Revisit core concepts; consider seeking tutoring support.', 'Submit assignments immediately; this severely affects your overall performance.', 'All three core areas need urgent attention — consider speaking with an advisor.']",Average
80.6,95.1,8.6,Strong,Unknown,Unknown,Strong,98.0,0.0,87.48,"{'Weak': 0.0, 'Average': 2.0, 'Strong': 98.0}","{'attendance_contribution': 32.24, 'test_score_contribution': 38.04, 'assignment_submitted_contribution': 17.2}","['Good attendance (75-89%) — keep it consistent.', 'Excellent test scores (>=80) — strong conceptual grasp.', 'Good assignment submission rate (8/10).']",[],['Performing well across all areas — maintain consistency!'],Strong
67.3,44.0,6.5,Average,Unknown,Unknown,Average,99.8,0.1,57.52,"{'Weak': 0.1, 'Average': 99.8, 'Strong': 0.0}","{'attendance_contribution': 26.92, 'test_score_contribution': 17.6, 'assignment_submitted_contribution': 13.0}",[],"['Below-target attendance (60-74%).', 'Low test score (<50) — significant knowledge gaps.', 'Moderate assignment submissions (6/10) — room to improve.']","['Aim for >=75% attendance to stay on track.', 'Revisit core concepts; consider seeking tutoring support.', 'Submit all remaining assignments; aim for >=8/10.']",Average
61.5,79.4,6.5,Average,Unknown,Unknown,Average,95.7,0.1,69.36,"{'Weak': 0.1, 'Average': 95.7, 'Strong': 4.2}","{'attendance_contribution': 24.6, 'test_score_contribution': 31.76, 'assignment_submitted_contribution': 13.0}",['Above-average test performance (65-79).'],"['Below-target attendance (60-74%).', 'Moderate assignment submissions (6/10) — room to improve.']","['Aim for >=75% attendance to stay on track.', 'Submit all remaining assignments; aim for >=8/10.']",Average
23.1,58.6,4.8,Average,Unknown,Unknown,Average,98.5,1.4,42.28,"{'Weak': 1.4, 'Average': 98.5, 'Strong': 0.1}","{'attendance_contribution': 9.24, 'test_score_contribution': 23.44, 'assignment_submitted_contribution': 9.6}",[],"['Critical attendance deficit (<60%) — high risk of falling behind.', 'Average test score (50-64) — needs improvement.', 'Low assignment submissions (4/10) — impacting overall score.']","['Attend every possible session immediately.', 'Practice past papers and revise weak topics regularly.', 'Prioritise assignments; create a submission schedule with deadlines.']",Average
95.1,26.5,6.2,Average,Unknown,Unknown,Average,99.6,0.4,61.04,"{'Weak': 0.4, 'Average': 99.6, 'Strong': 0.0}","{'attendance_contribution': 38.04, 'test_score_contribution': 10.6, 'assignment_submitted_contribution': 12.4}",['Outstanding attendance (>=90%) — excellent commitment.'],"['Low test score (<50) — significant knowledge gaps.', 'Moderate assignment submissions (6/10) — room to improve.']","['Revisit core concepts; consider seeking tutoring support.', 'Submit all remaining assignments; aim for >=8/10.']",Average
37.1,38.9,2.4,Weak,Unknown,Unknown,Weak,99.2,99.2,35.2,"{'Weak': 99.2, 'Average': 0.8, 'Strong': 0.0}","{'attendance_contribution': 14.84, 'test_score_contribution': 15.56, 'assignment_submitted_contribution': 4.8}",[],"['Critical attendance deficit (<60%) — high risk of falling behind.', 'Low test score (<50) — significant knowledge gaps.', 'Very few assignments submitted (2/10) — critical gap.']","['Attend every possible session immediately.', 'Revisit core concepts; consider seeking tutoring support.', 'Submit assignments immediately; this severely affects your overall performance.', 'All three core areas need urgent attention — consider speaking with an advisor.']",Weak
62.0,68.8,7.7,Strong,Unknown,Unknown,Strong,91.9,0.1,67.72,"{'Weak': 0.1, 'Average': 8.0, 'Strong': 91.9}","{'attendance_contribution': 24.8, 'test_score_contribution': 27.52, 'assignment_submitted_contribution': 15.4}","['Above-average test performance (65-79).', 'Good assignment submission rate (7/10).']",['Below-target attendance (60-74%).'],['Aim for >=75% attendance to stay on track.'],Strong
73.0,70.6,1.7,Average,Unknown,Unknown,Average,99.9,0.0,60.84,"{'Weak': 0.0, 'Average': 99.9, 'Strong': 0.0}","{'attendance_contribution': 29.2, 'test_score_contribution': 28.24, 'assignment_submitted_contribution': 3.4}",['Above-average test performance (65-79).'],"['Below-target attendance (60-74%).', 'Very few assignments submitted (1/10) — critical gap.']","['Aim for >=75% attendance to stay on track.', 'Submit assignments immediately; this severely affects your overall performance.']",Average
68.4,49.1,7.6,Average,Unknown,Unknown,Average,99.9,0.0,62.2,"{'Weak': 0.0, 'Average': 99.9, 'Strong': 0.1}","{'attendance_contribution': 27.36, 'test_score_contribution': 19.64, 'assignment_submitted_contribution': 15.2}",['Good assignment submission rate (7/10).'],"['Below-target attendance (60-74%).', 'Low test score (<50) — significant knowledge gaps.']","['Aim for >=75% attendance to stay on track.', 'Revisit core concepts; consider seeking tutoring support.']",Average
94.7,30.6,8.6,Average,Unknown,Unknown,Average,99.9,0.0,67.32,"{'Weak': 0.0, 'Average': 99.9, 'Strong': 0.0}","{'attendance_contribution': 37.88, 'test_score_contribution': 12.24, 'assignment_submitted_contribution': 17.2}","['Outstanding attendance (>=90%) — excellent commitment.', 'Good assignment submission rate (8/10).']",['Low test score (<50) — significant knowledge gaps.'],['Revisit core concepts; consider seeking tutoring support.'],Average
23.4,75.0,5.2,Average,Unknown,Unknown,Average,99.7,0.2,49.76,"{'Weak': 0.2, 'Average': 99.7, 'Strong': 0.1}","{'attendance_contribution': 9.36, 'test_score_contribution': 30.0, 'assignment_submitted_contribution': 10.4}",['Above-average test performance (65-79).'],"['Critical attendance deficit (<60%) — high risk of falling behind.', 'Moderate assignment submissions (5/10) — room to improve.']","['Attend every possible session immediately.', 'Submit all remaining assignments; aim for >=8/10.']",Average
55.8,25.2,5.6,Average,Unknown,Unknown,Average,94.4,5.5,43.6,"{'Weak': 5.5, 'Average': 94.4, 'Strong': 0.1}","{'attendance_contribution': 22.32, 'test_score_contribution': 10.08, 'assignment_submitted_contribution': 11.2}",[],"['Critical attendance deficit (<60%) — high risk of falling behind.', 'Low test score (<50) — significant knowledge gaps.', 'Moderate assignment submissions (5/10) — room to improve.']","['Attend every possible session immediately.', 'Revisit core concepts; consider seeking tutoring support.', 'Submit all remaining assignments; aim for >=8/10.']",Average
46.4,94.3,3.8,Average,Unknown,Unknown,Average,96.3,0.1,63.88,"{'Weak': 0.1, 'Average': 96.3, 'Strong': 3.6}","{'attendance_contribution': 18.56, 'test_score_contribution': 37.72, 'assignment_submitted_contribution': 7.6}",['Excellent test scores (>=80) — strong conceptual grasp.'],"['Critical attendance deficit (<60%) — high risk of falling behind.', 'Low assignment submissions (3/10) — impacting overall score.']","['Attend every possible session immediately.', 'Prioritise assignments; create a submission schedule with deadlines.']",Average
52.7,26.9,9.7,Weak,Unknown,Unknown,Weak,95.4,95.4,51.24,"{'Weak': 95.4, 'Average': 4.6, 'Strong': 0.0}","{'attendance_contribution': 21.08, 'test_score_contribution': 10.76, 'assignment_submitted_contribution': 19.4}",['Excellent assignment submission (9/10) — highly disciplined.'],"['Critical attendance deficit (<60%) — high risk of falling behind.', 'Low test score (<50) — significant knowledge gaps.']","['Attend every possible session immediately.', 'Revisit core concepts; consider seeking tutoring support.']",Weak
20.7,19.7,7.6,Weak,Unknown,Unknown,Weak,96.1,96.1,31.36,"{'Weak': 96.1, 'Average': 3.9, 'Strong': 0.0}","{'attendance_contribution': 8.28, 'test_score_contribution': 7.88, 'assignment_submitted_contribution': 15.2}",['Good assignment submission rate (7/10).'],"['Critical attendance deficit (<60%) — high risk of falling behind.', 'Low test score (<50) — significant knowledge gaps.']","['Attend every possible session immediately.', 'Revisit core concepts; consider seeking tutoring support.']",Weak
22.1,54.8,4.3,Average,Unknown,Unknown,Average,99.4,0.6,39.36,"{'Weak': 0.6, 'Average': 99.4, 'Strong': 0.0}","{'attendance_contribution': 8.84, 'test_score_contribution': 21.92, 'assignment_submitted_contribution': 8.6}",[],"['Critical attendance deficit (<60%) — high risk of falling behind.', 'Average test score (50-64) — needs improvement.', 'Low assignment submissions (4/10) — impacting overall score.']","['Attend every possible session immediately.', 'Practice past papers and revise weak topics regularly.', 'Prioritise assignments; create a submission schedule with deadlines.']",Average
35.0,56.8,2.6,Average,Unknown,Unknown,Average,98.9,1.0,41.92,"{'Weak': 1.0, 'Average': 98.9, 'Strong': 0.0}","{'attendance_contribution': 14.0, 'test_score_contribution': 22.72, 'assignment_submitted_contribution': 5.2}",[],"['Critical attendance deficit (<60%) — high risk of falling behind.', 'Average test score (50-64) — needs improvement.', 'Very few assignments submitted (2/10) — critical gap.']","['Attend every possible session immediately.', 'Practice past papers and revise weak topics regularly.', 'Submit assignments immediately; this severely affects your overall performance.']",Average
37.4,55.7,3.0,Average,Unknown,Unknown,Average,98.6,1.4,43.24,"{'Weak': 1.4, 'Average': 98.6, 'Strong': 0.0}","{'attendance_contribution': 14.96, 'test_score_contribution': 22.28, 'assignment_submitted_contribution': 6.0}",[],"['Critical attendance deficit (<60%) — high risk of falling behind.', 'Average test score (50-64) — needs improvement.', 'Low assignment submissions (3/10) — impacting overall score.']","['Attend every possible session immediately.', 'Practice past papers and revise weak topics regularly.', 'Prioritise assignments; create a submission schedule with deadlines.']",Average
48.5,49.3,5.2,Average,Unknown,Unknown,Average,99.9,0.1,49.52,"{'Weak': 0.1, 'Average': 99.9, 'Strong': 0.0}","{'attendance_contribution': 19.4, 'test_score_contribution': 19.72, 'assignment_submitted_contribution': 10.4}",[],"['Critical attendance deficit (<60%) — high risk of falling behind.', 'Low test score (<50) — significant knowledge gaps.', 'Moderate assignment submissions (5/10) — room to improve.']","['Attend every possible session immediately.', 'Revisit core concepts; consider seeking tutoring support.', 'Submit all remaining assignments; aim for >=8/10.']",Average
65.0,99.5,9.5,Strong,Unknown,Unknown,Strong,99.2,0.0,84.8,"{'Weak': 0.0, 'Average': 0.8, 'Strong': 99.2}","{'attendance_contribution': 26.0, 'test_score_contribution': 39.8, 'assignment_submitted_contribution': 19.0}","['Excellent test scores (>=80) — strong conceptual grasp.', 'Excellent assignment submission (9/10) — highly disciplined.']",['Below-target attendance (60-74%).'],['Aim for >=75% attendance to stay on track.'],Strong
67.1,53.8,7.6,Average,Unknown,Unknown,Average,99.9,0.0,63.56,"{'Weak': 0.0, 'Average': 99.9, 'Strong': 0.1}","{'attendance_contribution': 26.84, 'test_score_contribution': 21.52, 'assignment_submitted_contribution': 15.2}",['Good assignment submission rate (7/10).'],"['Below-target attendance (60-74%).', 'Average test score (50-64) — needs improvement.']","['Aim for >=75% attendance to stay on track.', 'Practice past papers and revise weak topics regularly.']",Average
47.1,53.0,2.9,Average,Unknown,Unknown,Average,99.3,0.7,45.84,"{'Weak': 0.7, 'Average': 99.3, 'Strong': 0.0}","{'attendance_contribution': 18.84, 'test_score_contribution': 21.2, 'assignment_submitted_contribution': 5.8}",[],"['Critical attendance deficit (<60%) — high risk of falling behind.', 'Average test score (50-64) — needs improvement.', 'Very few assignments submitted (2/10) — critical gap.']","['Attend every possible session immediately.', 'Practice past papers and revise weak topics regularly.', 'Submit assignments immediately; this severely affects your overall performance.']",Average
46.8,48.0,8.7,Average,Unknown,Unknown,Average,99.9,0.0,55.32,"{'Weak': 0.0, 'Average': 99.9, 'Strong': 0.0}","{'attendance_contribution': 18.72, 'test_score_contribution': 19.2, 'assignment_submitted_contribution': 17.4}",['Good assignment submission rate (8/10).'],"['Critical attendance deficit (<60%) — high risk of falling behind.', 'Low test score (<50) — significant knowledge gaps.']","['Attend every possible session immediately.', 'Revisit core concepts; consider seeking tutoring support.']",Average
29.6,16.0,4.4,Average,Unknown,Unknown,Average,96.4,3.5,27.04,"{'Weak': 3.5, 'Average': 96.4, 'Strong': 0.0}","{'attendance_contribution': 11.84, 'test_score_contribution': 6.4, 'assignment_submitted_contribution': 8.8}",[],"['Critical attendance deficit (<60%) — high risk of falling behind.', 'Low test score (<50) — significant knowledge gaps.', 'Low assignment submissions (4/10) — impacting overall score.']","['Attend every possible session immediately.', 'Revisit core concepts; consider seeking tutoring support.', 'Prioritise assignments; create a submission schedule with deadlines.', 'All three core areas need urgent attention — consider speaking with an advisor.']",Average
62.9,63.4,8.7,Strong,Unknown,Unknown,Strong,98.9,0.0,67.92,"{'Weak': 0.0, 'Average': 1.1, 'Strong': 98.9}","{'attendance_contribution': 25.16, 'test_score_contribution': 25.36, 'assignment_submitted_contribution': 17.4}",['Good assignment submission rate (8/10).'],"['Below-target attendance (60-74%).', 'Average test score (50-64) — needs improvement.']","['Aim for >=75% attendance to stay on track.', 'Practice past papers and revise weak topics regularly.']",Strong
38.5,30.5,3.2,Average,Unknown,Unknown,Average,99.3,0.7,34.0,"{'Weak': 0.7, 'Average': 99.3, 'Strong': 0.0}","{'attendance_contribution': 15.4, 'test_score_contribution': 12.2, 'assignment_submitted_contribution': 6.4}",[],"['Critical attendance deficit (<60%) — high risk of falling behind.', 'Low test score (<50) — significant knowledge gaps.', 'Low assignment submissions (3/10) — impacting overall score.']","['Attend every possible session immediately.', 'Revisit core concepts; consider seeking tutoring support.', 'Prioritise assignments; create a submission schedule with deadlines.', 'All three core areas need urgent attention — consider speaking with an advisor.']",Average
13.2,67.4,6.6,Weak,Unknown,Unknown,Weak,97.2,97.2,45.44,"{'Weak': 97.2, 'Average': 2.7, 'Strong': 0.0}","{'attendance_contribution': 5.28, 'test_score_contribution': 26.96, 'assignment_submitted_contribution': 13.2}",['Above-average test performance (65-79).'],"['Critical attendance deficit (<60%) — high risk of falling behind.', 'Moderate assignment submissions (6/10) — room to improve.']","['Attend every possible session immediately.', 'Submit all remaining assignments; aim for >=8/10.']",Weak
47.7,14.6,9.3,Average,Unknown,Unknown,Average,98.8,1.1,43.52,"{'Weak': 1.1, 'Average': 98.8, 'Strong': 0.0}","{'attendance_contribution': 19.08, 'test_score_contribution': 5.84, 'assignment_submitted_contribution': 18.6}",['Excellent assignment submission (9/10) — highly disciplined.'],"['Critical attendance deficit (<60%) — high risk of falling behind.', 'Low test score (<50) — significant knowledge gaps.']","['Attend every possible session immediately.', 'Revisit core concepts; consider seeking tutoring support.']",Average
52.7,98.3,3.3,Average,Unknown,Unknown,Average,97.9,0.2,67.0,"{'Weak': 0.2, 'Average': 97.9, 'Strong': 1.9}","{'attendance_contribution': 21.08, 'test_score_contribution': 39.32, 'assignment_submitted_contribution': 6.6}",['Excellent test scores (>=80) — strong conceptual grasp.'],"['Critical attendance deficit (<60%) — high risk of falling behind.', 'Low assignment submissions (3/10) — impacting overall score.']","['Attend every possible session immediately.', 'Prioritise assignments; create a submission schedule with deadlines.']",Average
30.3,52.2,7.2,Weak,Unknown,Unknown,Weak,94.4,94.4,47.4,"{'Weak': 94.4, 'Average': 5.5, 'Strong': 0.0}","{'attendance_contribution': 12.12, 'test_score_contribution': 20.88, 'assignment_submitted_contribution': 14.4}",['Good assignment submission rate (7/10).'],"['Critical attendance deficit (<60%) — high risk of falling behind.', 'Average test score (50-64) — needs improvement.']","['Attend every possible session immediately.', 'Practice past papers and revise weak topics regularly.']",Weak
61.5,90.7,9.9,Average,Unknown,Unknown,Average,99.0,0.0,80.68,"{'Weak': 0.0, 'Average': 99.0, 'Strong': 1.0}","{'attendance_contribution': 24.6, 'test_score_contribution': 36.28, 'assignment_submitted_contribution': 19.8}","['Excellent test scores (>=80) — strong conceptual grasp.', 'Excellent assignment submission (9/10) — highly disciplined.']",['Below-target attendance (60-74%).'],['Aim for >=75% attendance to stay on track.'],Average
60.9,52.8,2.4,Average,Unknown,Unknown,Average,96.7,3.1,50.28,"{'Weak': 3.1, 'Average': 96.7, 'Strong': 0.2}","{'attendance_contribution': 24.36, 'test_score_contribution': 21.12, 'assignment_submitted_contribution': 4.8}",[],"['Below-target attendance (60-74%).', 'Average test score (50-64) — needs improvement.', 'Very few assignments submitted (2/10) — critical gap.']","['Aim for >=75% attendance to stay on track.', 'Practice past papers and revise weak topics regularly.', 'Submit assignments immediately; this severely affects your overall performance.']",Average
73.2,15.4,1.8,Average,Unknown,Unknown,Average,96.8,3.2,39.04,"{'Weak': 3.2, 'Average': 96.8, 'Strong': 0.0}","{'attendance_contribution': 29.28, 'test_score_contribution': 6.16, 'assignment_submitted_contribution': 3.6}",[],"['Below-target attendance (60-74%).', 'Low test score (<50) — significant knowledge gaps.', 'Very few assignments submitted (1/10) — critical gap.']","['Aim for >=75% attendance to stay on track.', 'Revisit core concepts; consider seeking tutoring support.', 'Submit assignments immediately; this severely affects your overall performance.']",Average
68.3,84.0,7.1,Strong,Unknown,Unknown,Strong,93.4,0.0,75.12,"{'Weak': 0.0, 'Average': 6.6, 'Strong': 93.4}","{'attendance_contribution': 27.32, 'test_score_contribution': 33.6, 'assignment_submitted_contribution': 14.2}","['Excellent test scores (>=80) — strong conceptual grasp.', 'Good assignment submission rate (7/10).']",['Below-target attendance (60-74%).'],['Aim for >=75% attendance to stay on track.'],Strong
68.7,68.3,4.1,Average,Unknown,Unknown,Average,98.8,0.0,63.0,"{'Weak': 0.0, 'Average': 98.8, 'Strong': 1.2}","{'attendance_contribution': 27.48, 'test_score_contribution': 27.32, 'assignment_submitted_contribution': 8.2}",['Above-average test performance (65-79).'],"['Below-target attendance (60-74%).', 'Low assignment submissions (4/10) — impacting overall score.']","['Aim for >=75% attendance to stay on track.', 'Prioritise assignments; create a submission schedule with deadlines.']",Average
38.5,80.4,1.6,Average,Unknown,Unknown,Average,97.3,2.6,50.76,"{'Weak': 2.6, 'Average': 97.3, 'Strong': 0.1}","{'attendance_contribution': 15.4, 'test_score_contribution': 32.16, 'assignment_submitted_contribution': 3.2}",['Excellent test scores (>=80) — strong conceptual grasp.'],"['Critical attendance deficit (<60%) — high risk of falling behind.', 'Very few assignments submitted (1/10) — critical gap.']","['Attend every possible session immediately.', 'Submit assignments immediately; this severely affects your overall performance.']",Average
80.9,48.5,5.3,Average,Unknown,Unknown,Average,99.8,0.0,62.36,"{'Weak': 0.0, 'Average': 99.8, 'Strong': 0.1}","{'attendance_contribution': 32.36, 'test_score_contribution': 19.4, 'assignment_submitted_contribution': 10.6}",['Good attendance (75-89%) — keep it consistent.'],"['Low test score (<50) — significant knowledge gaps.', 'Moderate assignment submissions (5/10) — room to improve.']","['Revisit core concepts; consider seeking tutoring support.', 'Submit all remaining assignments; aim for >=8/10.']",Average
59.4,67.4,7.8,Average,Unknown,Unknown,Average,96.6,0.1,66.32,"{'Weak': 0.1, 'Average': 96.6, 'Strong': 3.3}","{'attendance_contribution': 23.76, 'test_score_contribution': 26.96, 'assignment_submitted_contribution': 15.6}","['Above-average test performance (65-79).', 'Good assignment submission rate (7/10).']",['Critical attendance deficit (<60%) — high risk of falling behind.'],['Attend every possible session immediately.'],Average
48.8,87.1,3.6,Average,Unknown,Unknown,Average,99.7,0.1,61.56,"{'Weak': 0.1, 'Average': 99.7, 'Strong': 0.2}","{'attendance_contribution': 19.52, 'test_score_contribution': 34.84, 'assignment_submitted_contribution': 7.2}",['Excellent test scores (>=80) — strong conceptual grasp.'],"['Critical attendance deficit (<60%) — high risk of falling behind.', 'Low assignment submissions (3/10) — impacting overall score.']","['Attend every possible session immediately.', 'Prioritise assignments; create a submission schedule with deadlines.']",Average
66.3,66.8,4.0,Average,Unknown,Unknown,Average,98.7,0.0,61.24,"{'Weak': 0.0, 'Average': 98.7, 'Strong': 1.2}","{'attendance_contribution': 26.52, 'test_score_contribution': 26.72, 'assignment_submitted_contribution': 8.0}",['Above-average test performance (65-79).'],"['Below-target attendance (60-74%).', 'Low assignment submissions (4/10) — impacting overall score.']","['Aim for >=75% attendance to stay on track.', 'Prioritise assignments; create a submission schedule with deadlines.']",Average
42.5,41.3,8.6,Average,Unknown,Unknown,Average,99.7,0.3,50.72,"{'Weak': 0.3, 'Average': 99.7, 'Strong': 0.0}","{'attendance_contribution': 17.0, 'test_score_contribution': 16.52, 'assignment_submitted_contribution': 17.2}",['Good assignment submission rate (8/10).'],"['Critical attendance deficit (<60%) — high risk of falling behind.', 'Low test score (<50) — significant knowledge gaps.']","['Attend every possible session immediately.', 'Revisit core concepts; consider seeking tutoring support.']",Average
56.1,69.6,5.7,Average,Unknown,Unknown,Average,99.4,0.2,61.68,"{'Weak': 0.2, 'Average': 99.4, 'Strong': 0.3}","{'attendance_contribution': 22.44, 'test_score_contribution': 27.84, 'assignment_submitted_contribution': 11.4}",['Above-average test performance (65-79).'],"['Critical attendance deficit (<60%) — high risk of falling behind.', 'Moderate assignment submissions (5/10) — room to improve.']","['Attend every possible session immediately.', 'Submit all remaining assignments; aim for >=8/10.']",Average
